Workbook

Sheet Import
A1: Row Labels | B1: Count | C1: Min | D1: Mean | E1: Max | F1: SD | G1: 25th | H1: Median | I1: 75th | J1: Measure | K1: Geography

Sheet ImpM1
A1: Row Labels | B1: Count | C1: Min | D1: Mean | E1: Max | F1: SD | G1: 25th | H1: Median | I1: 75th | J1: Measure | K1: Geography
A2: Raleigh, NC | B2: 8 | C2: 13.778899 | D2: 20.165824 | E2: 31.490593 | F2: 7.0688265 | G2: 14.305861 | H2: 18.738663 | I2: 27.747505 | J2: Measure 1 | K2: MSA
A3: Durham-Chapel Hill, NC | B3: 8 | C3: 13.238334 | D3: 22.2275 | E3: 42.766579 | F3: 11.161205 | G3: 14.320551 | H3: 17.40989 | I3: 32.648028 | J3: Measure 1 | K3: MSA
A4: Lexington-Fayette, KY | B4: 8 | C4: 17.527112 | D4: 28.571308 | E4: 50.165113 | F4: 9.7344 | G4: 22.351848 | H4: 27.822132 | I4: 29.967448 | J4: Measure 1 | K4: MSA
A5: BANGKOK | B5: 8 | C5: 30.862357 | D5: 68.763303 | E5: 169.7506 | F5: 44.464407 | G5: 40.0885 | H5: 59.150143 | I5: 81.512115 | J5: Measure 1 | K5: MSA
A6: Wichita, KS | B6: 8 | C6: 30.533045 | D6: 59.835064 | E6: 98.509396 | F6: 27.916419 | G6: 31.839221 | H6: 57.713192 | I6: 86.809668 | J6: Measure 1 | K6: MSA
A7: ISTANBUL | B7: 8 | C7: 20.838434 | D7: 56.9397 | E7: 114.8845 | F7: 31.174614 | G7: 29.82375 | H7: 51.320829 | I7: 79.232903 | J7: Measure 1 | K7: MSA
A8: JAVA ISLAND INDONESIA | B8: 9 | C8: 64.36895 | D8: 119.93519 | E8: 207.88061 | F8: 46.431164 | G8: 86.694412 | H8: 110.13222 | I8: 153.68123 | J8: Measure 1 | K8: MSA
A9: Memphis, TN-MS-AR | B9: 9 | C9: 20.909394 | D9: 27.945041 | E9: 34.261497 | F9: 4.7470075 | G9: 23.458469 | H9: 28.032939 | I9: 32.294369 | J9: Measure 1 | K9: MSA
A10: Sacramento--Roseville--Arden-Arcade, CA | B10: 9 | C10: 8.0834548 | D10: 26.848936 | E10: 142.06653 | F10: 43.314601 | G10: 9.5984079 | H10: 14.997115 | I10: 15.792013 | J10: Measure 1 | K10: MSA
A11: Oklahoma City, OK | B11: 9 | C11: 21.054188 | D11: 35.252699 | E11: 75.058929 | F11: 17.53638 | G11: 23.874648 | H11: 30.275658 | I11: 42.74457 | J11: Measure 1 | K11: MSA
A12: Colorado Springs, CO | B12: 10 | C12: 23.105297 | D12: 32.590867 | E12: 47.165436 | F12: 7.1539837 | G12: 25.937956 | H12: 32.807304 | I12: 37.40757 | J12: Measure 1 | K12: MSA
A13: Knoxville, TN | B13: 10 | C13: 17.558453 | D13: 59.729473 | E13: 237.71626 | F13: 67.632094 | G13: 21.341635 | H13: 25.892518 | I13: 82.043779 | J13: Measure 1 | K13: MSA
... A69: Washington-Arlington-Alexandria, DC-VA-MD-WV | B69: 93 | C69: 1.338267 | D69: 40.40864 | E69: 212.84195 | F69: 38.808433 | G69: 21.056344 | H69: 26.356976 | I69: 40.089969 | J69: Measure 1 | K69: MSA
A70: Grand Total | B70: 1656 | C70: 1.338267 | D70: 39.36871 | E70: 237.71626 | F70: 37.746306 | G70: #NUM! | H70: #NUM! | I70: #NUM! | J70: #NUM! | K70: MSA
A151: AUSTRIA | B151: 8 | C151: 5.712821 | D151: 17.647432 | E151: 38.629287 | F151: 10.45871 | G151: 11.160598 | H151: 14.025346 | I151: 24.323345 | J151: Measure 1 | K151: Country
A152: SPAIN | B152: 8 | C152: 10.72809 | D152: 45.031965 | E152: 100.97556 | F152: 28.019397 | G152: 20.741425 | H152: 46.214395 | I152: 56.818018 | J152: Measure 1 | K152: Country
A153: SWITZERLAND | B153: 8 | C153: 0.87078977 | D153: 9.3217575 | E153: 36.897869 | F153: 11.630453 | G153: 3.0220543 | H153: 5.9199211 | I153: 10.563425 | J153: Measure 1 | K153: Country
A154: JORDAN | B154: 9 | C154: 39.584905 | D154: 199.07367 | E154: 363.85934 | F154: 121.96646 | G154: 77.908461 | H154: 234.03836 | I154: 297.34126 | J154: Measure 1 | K154: Country
A155: KOREA | B155: 10 | C155: 33.999072 | D155: 67.937011 | E155: 98.084938 | F155: 22.983352 | G155: 49.6195 | H155: 70.267612 | I155: 87.132639 | J155: Measure 1 | K155: Country
A156: TURKEY | B156: 10 | C156: 20.838434 | D156: 67.33827 | E156: 114.8845 | F156: 35.208857 | G156: 35.607912 | H156: 62.201714 | I156: 107.03631 | J156: Measure 1 | K156: Country
A157: AUSTRALIA | B157: 12 | C157: 20.991575 | D157: 53.787433 | E157: 115.28802 | F157: 26.788816 | G157: 31.487394 | H157: 50.62733 | I157: 64.146429 | J157: Measure 1 | K157: Country
A158: INDONESIA | B158: 14 | C158: 55.226441 | D158: 126.64183 | E158: 412.04663 | F158: 92.884607 | G158: 74.337541 | H158: 93.556831 | I158: 141.81593 | J158: Measure 1 | K158: Country
A159: HONG KONG | B159: 14 | C159: 33.596161 | D159: 93.50692 | E159: 233.57118 | F159: 62.283428 | G159: 45.120803 | H159: 73.213284 | I159: 127.13725 | J159: Measure 1 | K159: Country
A160: RUSSIAN FEDERATION | B160: 14 | C160: 22.079245 | D160: 50.993481 | E160: 90.283135 | F160: 18.566785 | G160: 36.603492 | H160: 43.988529 | I160: 66.307112 | J160: Measure 1 | K160: Country
A161: SAUDI ARABIA | B161: 16 | C161: 15.431246 | D161: 180.8321 | E161: 446.89651 | F161: 103.6329 | G161: 115.5941 | H161: 161.22578 | I161: 187.64314 | J161: Measure 1 | K161: Country
A162: THAILAND | B162: 16 | C162: 30.862357 | D162: 78.148996 | E162: 258.34944 | F162: 58.825051 | G162: 41.045069 | H162: 60.413608 | I162: 85.597606 | J162: Measure 1 | K162: Country
... A172: UNITED STATES | B172: 2109 | C172: 1.338267 | D172: 36.364688 | E172: 237.71626 | F172: 34.575687 | G172: 18.256159 | H172: 24.215695 | I172: 37.632097 | J172: Measure 1 | K172: Country
A173: Grand Total | B173: 2686 | C173: 0.87078977 | D173: 42.071911 | E173: 446.89651 | F173: 42.901742 | G173: #NUM! | H173: #NUM! | I173: #NUM! | J173: #NUM! | K173: Country
A301: MONTREAL MSA | B301: 8 | C301: 0.96910936 | D301: 7.2454047 | E301: 18.606987 | F301: 5.9089049 | G301: 3.3292742 | H301: 5.3284337 | I301: 11.875546 | J301: Measure 1 | K301: Region
A302: BAJIO-CENTRAL MEXICO | B302: 8 | C302: 16.212694 | D302: 46.301658 | E302: 73.271706 | F302: 20.435633 | G302: 25.978405 | H302: 48.582714 | I302: 63.79384 | J302: Measure 1 | K302: Region
A303: JAVA ISLAND INDONESIA | B303: 9 | C303: 64.36895 | D303: 119.93519 | E303: 207.88061 | F303: 46.431164 | G303: 86.694412 | H303: 110.13222 | I303: 153.68123 | J303: Measure 1 | K303: Region
A304: GUANGDONG CHINA | B304: 10 | C304: 14.957218 | D304: 86.228413 | E304: 121.89933 | F304: 33.585688 | G304: 60.502752 | H304: 93.876102 | I304: 114.58393 | J304: Measure 1 | K304: Region
A305: MAHARASHTRA INDIA | B305: 10 | C305: 39.010815 | D305: 87.598426 | E305: 146.93973 | F305: 39.139971 | G305: 56.484858 | H305: 80.712004 | I305: 134.87465 | J305: Measure 1 | K305: Region
A306: BANGKOK 200KM | B306: 11 | C306: 30.862357 | D306: 69.276301 | E306: 169.7506 | F306: 39.763318 | G306: 40.382405 | H306: 59.511787 | I306: 87.614105 | J306: Measure 1 | K306: Region
A307: NORTHERN MEXICO | B307: 11 | C307: 23.76321 | D307: 64.424048 | E307: 128.93401 | F307: 33.122506 | G307: 37.551041 | H307: 56.314629 | I307: 90.778435 | J307: Measure 1 | K307: Region
A308: SOUTHERN GERMANY | B308: 15 | C308: 14.932337 | D308: 26.193396 | E308: 75.82373 | F308: 15.989477 | G308: 17.186961 | H308: 20.050291 | I308: 26.183088 | J308: Measure 1 | K308: Region
A309: CARIBBEAN | B309: 19 | C309: 15.86288 | D309: 83.935761 | E309: 348.18133 | F309: 89.995184 | G309: 34.374637 | H309: 53.773563 | I309: 75.030655 | J309: Measure 1 | K309: Region
A310: NORTHERN GERMANY | B310: 19 | C310: 9.4891844 | D310: 27.74144 | E310: 62.570587 | F310: 12.541738 | G310: 17.445645 | H310: 28.135438 | I310: 34.926098 | J310: Measure 1 | K310: Region
A311: Toronto 200KM | B311: 22 | C311: 7.6373095 | D311: 43.053237 | E311: 188.66638 | F311: 49.955456 | G311: 11.494623 | H311: 15.810304 | I311: 65.701283 | J311: Measure 1 | K311: Region
A312: N/A | B312: 2685 | C312: 0.44436634 | D312: 43.367658 | E312: 446.89651 | F312: 45.776528 | G312: 18.73928 | H312: 26.373913 | I312: 47.156433 | J312: Measure 1 | K312: Region
A313: Grand Total | B313: 2827 | C313: 0.44436634 | D313: 44.082372 | E313: 446.89651 | F313: 46.278302 | G313: #NUM! | H313: #NUM! | I313: #NUM! | J313: #NUM! | K313: Region
A451: CHINA__UPPER MIDSCALE | B451: 8 | C451: 14.957218 | D451: 52.067361 | E451: 115.50298 | F451: 35.808515 | G451: 22.316571 | H451: 45.810111 | I451: 79.733666 | J451: Measure 1 | K451: CountrySegment
A452: SAUDI ARABIA__LUXURY | B452: 8 | C452: 15.431246 | D452: 208.33258 | E452: 446.89651 | F452: 132.49952 | G452: 149.56884 | H452: 178.8479 | I452: 310.53438 | J452: Measure 1 | K452: CountrySegment
A453: INDONESIA__LUXURY | B453: 9 | C453: 76.243851 | D453: 154.86597 | E453: 412.04663 | F453: 106.22741 | G453: 86.988259 | H453: 121.71324 | I453: 192.64622 | J453: Measure 1 | K453: CountrySegment
A454: THAILAND__UPSCALE AND UPPER UPSCALE | B454: 9 | C454: 30.862357 | D454: 53.560786 | E454: 79.548107 | F454: 15.656191 | G454: 40.186468 | H454: 59.511787 | I454: 63.701701 | J454: Measure 1 | K454: CountrySegment
A455: UNITED ARAB EMIRATES__LUXURY | B455: 9 | C455: 82.096388 | D455: 129.56088 | E455: 204.27651 | F455: 42.212841 | G455: 93.323715 | H455: 118.84396 | I455: 169.71845 | J455: Measure 1 | K455: CountrySegment
A456: MEXICO__UPSCALE AND UPPER UPSCALE | B456: 10 | C456: 16.212694 | D456: 48.684753 | E456: 128.93401 | F456: 31.294039 | G456: 29.589127 | H456: 43.238033 | I456: 52.718366 | J456: Measure 1 | K456: CountrySegment
A457: UNITED ARAB EMIRATES__UPSCALE AND UPPER UPSCALE | B457: 11 | C457: 39.492629 | D457: 116.93584 | E457: 211.72037 | F457: 52.488065 | G457: 83.833023 | H457: 118.76939 | I457: 160.66975 | J457: Measure 1 | K457: CountrySegment
A458: JAPAN__LUXURY | B458: 11 | C458: 40.333023 | D458: 78.908136 | E458: 127.59392 | F458: 32.079326 | G458: 46.739674 | H458: 77.040589 | I458: 112.26793 | J458: Measure 1 | K458: CountrySegment
A459: RUSSIAN FEDERATION__UPSCALE AND UPPER UPSCALE | B459: 11 | C459: 33.565887 | D459: 48.255037 | E459: 66.754166 | F459: 12.764283 | G459: 37.231855 | H459: 42.887397 | I459: 64.043915 | J459: Measure 1 | K459: CountrySegment
A460: CANADA__UPPER MIDSCALE | B460: 13 | C460: 7.0748692 | D460: 42.328572 | E460: 158.70818 | F460: 47.345684 | G460: 9.7707108 | H460: 16.981521 | I460: 75.421921 | J460: Measure 1 | K460: CountrySegment
A461: JAPAN__UPSCALE AND UPPER UPSCALE | B461: 15 | C461: 19.276527 | D461: 49.318251 | E461: 99.189743 | F461: 24.383007 | G461: 26.878845 | H461: 45.01815 | I461: 63.768101 | J461: Measure 1 | K461: CountrySegment
A462: FRANCE__UPSCALE AND UPPER UPSCALE | B462: 17 | C462: 3.0591812 | D462: 8.241528 | E462: 13.770108 | F462: 3.0831238 | G462: 6.5990646 | H462: 8.0173218 | I462: 10.820354 | J462: Measure 1 | K462: CountrySegment
... A474: UNITED STATES__UPSCALE AND UPPER UPSCALE | B474: 1501 | C474: 1.6904152 | D474: 30.733144 | E474: 237.71626 | F474: 24.826692 | G474: 18.105706 | H474: 23.923507 | I474: 34.188648 | J474: Measure 1 | K474: CountrySegment
A475: Grand Total | B475: 2538 | C475: 0.96910936 | D475: 40.243871 | E475: 446.89651 | F475: 40.348028 | G475: #NUM! | H475: #NUM! | I475: #NUM! | J475: #NUM! | K475: CountrySegment
A601: Tampa-St. Petersburg-Clearwater, FL__UPPER MIDSCALE | B601: 8 | C601: 12.485578 | D601: 31.651204 | E601: 123.90072 | F601: 37.832715 | G601: 14.576543 | H601: 16.580938 | I601: 30.023274 | J601: Measure 1 | K601: MSASegment
A602: Washington-Arlington-Alexandria, DC-VA-MD-WV__LUXURY | B602: 8 | C602: 26.02894 | D602: 53.304259 | E602: 87.641201 | F602: 22.288276 | G602: 29.461875 | H602: 53.247541 | I602: 71.44063 | J602: Measure 1 | K602: MSASegment
A603: Miami-Fort Lauderdale-West Palm Beach, FL__LUXURY | B603: 8 | C603: 45.839546 | D603: 85.486201 | E603: 140.03244 | F603: 35.845333 | G603: 57.870164 | H603: 72.290832 | I603: 126.05752 | J603: Measure 1 | K603: MSASegment
A604: DUBAI__LUXURY | B604: 8 | C604: 82.096388 | D604: 125.59058 | E604: 204.27651 | F604: 43.293747 | G604: 92.548641 | H604: 116.94288 | I604: 163.51149 | J604: Measure 1 | K604: MSASegment
A605: Orlando-Kissimmee-Sanford, FL__UPPER MIDSCALE | B605: 8 | C605: 9.5176362 | D605: 54.86599 | E605: 193.11809 | F605: 71.559147 | G605: 15.850219 | H605: 19.590756 | I605: 113.41324 | J605: Measure 1 | K605: MSASegment
A606: Rochester, NY__UPSCALE AND UPPER UPSCALE | B606: 8 | C606: 14.581983 | D606: 30.636131 | E606: 113.01776 | F606: 33.507111 | G606: 15.536816 | H606: 19.687182 | I606: 23.338319 | J606: Measure 1 | K606: MSASegment
A607: New York-Newark-Jersey City, NY-NJ-PA__UPPER MIDSCALE | B607: 8 | C607: 8.8684193 | D607: 42.727951 | E607: 123.63149 | F607: 47.647834 | G607: 10.343611 | H607: 22.167286 | I607: 92.795052 | J607: Measure 1 | K607: MSASegment
A608: LONDON__UPPER MIDSCALE | B608: 8 | C608: 7.7054787 | D608: 14.187554 | E608: 19.890038 | F608: 4.8361481 | G608: 9.3065598 | H608: 13.932318 | I608: 19.389264 | J608: Measure 1 | K608: MSASegment
A609: Salt Lake City, UT__UPSCALE AND UPPER UPSCALE | B609: 8 | C609: 11.476794 | D609: 28.484583 | E609: 76.113457 | F609: 20.740056 | G609: 17.374348 | H609: 20.351413 | I609: 34.38628 | J609: Measure 1 | K609: MSASegment
A610: Dallas-Fort Worth-Arlington, TX__ECONOMY AND MIDSCALE | B610: 8 | C610: 61.768101 | D610: 100.52574 | E610: 225.05205 | F610: 57.327129 | G610: 68.52352 | H610: 74.769974 | I610: 131.68111 | J610: Measure 1 | K610: MSASegment
A611: Minneapolis-St. Paul-Bloomington, MN-WI__UPPER MIDSCALE | B611: 9 | C611: 20.178908 | D611: 22.580535 | E611: 26.418728 | F611: 2.4736416 | G611: 20.510865 | H611: 21.779957 | I611: 25.320601 | J611: Measure 1 | K611: MSASegment
A612: Providence-Warwick, RI-MA__UPSCALE AND UPPER UPSCALE | B612: 9 | C612: 11.778657 | D612: 18.875541 | E612: 26.995676 | F612: 5.2015747 | G612: 15.000855 | H612: 17.050129 | I612: 23.746307 | J612: Measure 1 | K612: MSASegment
... A661: Washington-Arlington-Alexandria, DC-VA-MD-WV__UPSCALE AND UPPER UPSCALE | B661: 73 | C661: 15.076687 | D661: 31.776961 | E661: 168.88675 | F661: 23.394364 | G661: 20.213934 | H661: 24.59965 | I661: 33.643513 | J661: Measure 1 | K661: MSASegment
A662: Grand Total | B662: 1227 | C662: 1.338267 | D662: 33.981516 | E662: 225.05205 | F662: 31.589464 | G662: #NUM! | H662: #NUM! | I662: #NUM! | J662: #NUM! | K662: MSASegment
A751: NORTHERN MEXICO__UPPER MIDSCALE | B751: 9 | C751: 23.76321 | D751: 59.216896 | E751: 108.50072 | F751: 27.959956 | G751: 33.31381 | H751: 56.314629 | I751: 80.524563 | J751: Measure 1 | K751: RegionSegment
A752: NORTHERN GERMANY__UPSCALE AND UPPER UPSCALE | B752: 10 | C752: 14.629564 | D752: 25.736676 | E752: 34.926098 | F752: 6.5712016 | G752: 19.338675 | H752: 27.461721 | I752: 30.340226 | J752: Measure 1 | K752: RegionSegment
A753: SOUTHERN GERMANY__UPSCALE AND UPPER UPSCALE | B753: 11 | C753: 14.932337 | D753: 21.377491 | E753: 42.06414 | F753: 7.7363364 | G753: 16.609617 | H753: 18.125633 | I753: 23.859655 | J753: Measure 1 | K753: RegionSegment
A754: CARIBBEAN__UPSCALE AND UPPER UPSCALE | B754: 13 | C754: 15.86288 | D754: 47.266531 | E754: 89.668089 | F754: 21.908511 | G754: 29.816435 | H754: 45.390373 | I754: 64.430656 | J754: Measure 1 | K754: RegionSegment
A755: Toronto 200KM__UPSCALE AND UPPER UPSCALE | B755: 14 | C755: 7.6373095 | D755: 20.433739 | E755: 68.113068 | F755: 19.721921 | G755: 11.326006 | H755: 12.670947 | I755: 17.139108 | J755: Measure 1 | K755: RegionSegment
A756: N/A__ECONOMY AND MIDSCALE | B756: 74 | C756: 13.90888 | D756: 74.964073 | E756: 225.05205 | F756: 27.977131 | G756: 61.844567 | H756: 69.690838 | I756: 84.720037 | J756: Measure 1 | K756: RegionSegment
A757: N/A__LUXURY | B757: 231 | C757: 0.44436634 | D757: 94.245273 | E757: 446.89651 | F757: 75.560338 | G757: 42.723188 | H757: 73.505737 | I757: 121.54197 | J757: Measure 1 | K757: RegionSegment
A758: N/A__UPPER MIDSCALE | B758: 569 | C758: 0.87078977 | D758: 44.358625 | E758: 300.17603 | F758: 51.577856 | G758: 16.980593 | H758: 22.003127 | I758: 33.821966 | J758: Measure 1 | K758: RegionSegment
A759: N/A__UPSCALE AND UPPER UPSCALE | B759: 1809 | C759: 0.99831035 | D759: 35.284421 | E759: 359.29544 | F759: 32.856352 | G759: 18.569569 | H759: 25.390116 | I759: 39.103487 | J759: Measure 1 | K759: RegionSegment
A760: Grand Total | B760: 2740 | C760: 0.44436634 | D760: 43.18014 | E760: 446.89651 | F760: 45.457921 | G760: #NUM! | H760: #NUM! | I760: #NUM! | J760: #NUM! | K760: RegionSegment

Sheet ImpM2
A1: Row Labels | B1: Count | C1: Min | D1: Mean | E1: Max | F1: SD | G1: 25th | H1: Median | I1: 75th | J1: Measure | K1: Geography
A2: Knoxville, TN | B2: 8 | C2: 4427.9551 | D2: 8464.8165 | E2: 19356.822 | F2: 5273.7711 | G2: 4887.6469 | H2: 6385.561 | I2: 12036.221 | J2: Measure 2 | K2: MSA
A3: Montgomery, AL | B3: 8 | C3: 2808.9666 | D3: 11348.947 | E3: 31056.268 | F3: 11796.68 | G3: 4508.9238 | H3: 5706.613 | I3: 23931.522 | J3: Measure 2 | K3: MSA
A4: Dayton, OH | B4: 8 | C4: 5190.978 | D4: 7285.923 | E4: 9016.8184 | F4: 1219.7567 | G4: 6608.1942 | H4: 7047.1216 | I4: 8442.0632 | J4: Measure 2 | K4: MSA
A5: Greensboro-High Point, NC | B5: 8 | C5: 2393.7651 | D5: 9719.1326 | E5: 37260.648 | F5: 11572.18 | G5: 3686.3964 | H5: 5037.3093 | I5: 11360.203 | J5: Measure 2 | K5: MSA
A6: Albany-Schenectady-Troy, NY | B6: 8 | C6: 2034.921 | D6: 4017.9957 | E6: 5902.8784 | F6: 1393.2501 | G6: 2788.8784 | H6: 3956.6626 | I6: 5441.7295 | J6: Measure 2 | K6: MSA
A7: BANGKOK | B7: 8 | C7: 8836.4893 | D7: 18578.765 | E7: 33702.102 | F7: 7855.3042 | G7: 12166.663 | H7: 17866.182 | I7: 23262.784 | J7: Measure 2 | K7: MSA
A8: MONTREAL | B8: 8 | C8: 275.35913 | D8: 2645.4709 | E8: 7736.4756 | F8: 2443.8256 | G8: 902.6564 | H8: 1728.9777 | I8: 3958.9541 | J8: Measure 2 | K8: MSA
A9: BIRMINGHAM | B9: 8 | C9: 2837.1172 | D9: 5876.1111 | E9: 10770.446 | F9: 2280.755 | G9: 4708.2494 | H9: 5569.1155 | I9: 6351.3193 | J9: Measure 2 | K9: MSA
A10: SAO PAULO | B10: 8 | C10: 364.79895 | D10: 6024.3496 | E10: 28704.895 | F10: 9330.5895 | G10: 1835.7336 | H10: 2596.1873 | I10: 5684.3112 | J10: Measure 2 | K10: MSA
A11: DOHA | B11: 8 | C11: 12928.779 | D11: 35199.817 | E11: 93737.062 | F11: 29709.337 | G11: 18222.885 | H11: 21721.285 | I11: 58643.461 | J11: Measure 2 | K11: MSA
A12: Albuquerque, NM | B12: 9 | C12: 3025.0203 | D12: 6884.7228 | E12: 13852.534 | F12: 3409.9722 | G12: 3878.3567 | H12: 6513.3657 | I12: 8829.9995 | J12: Measure 2 | K12: MSA
A13: Raleigh, NC | B13: 9 | C13: 3240.6887 | D13: 5851.8831 | E13: 8520.3633 | F13: 2015.5735 | G13: 4066.6569 | H13: 5494.9707 | I13: 8228.9722 | J13: Measure 2 | K13: MSA
... A76: Washington-Arlington-Alexandria, DC-VA-MD-WV | B76: 102 | C76: 3295.5532 | D76: 7906.6232 | E76: 25708.971 | F76: 3945.0397 | G76: 5324.9976 | H76: 6869.9382 | I76: 8931.2842 | J76: Measure 2 | K76: MSA
A77: Grand Total | B77: 1840 | C77: 275.35913 | D77: 8893.6383 | E77: 124755.16 | F77: 7994.2804 | G77: #NUM! | H77: #NUM! | I77: #NUM! | J77: #NUM! | K77: MSA
A151: EGYPT | B151: 8 | C151: 163.31155 | D151: 16362.788 | E151: 45735.934 | F151: 13420.273 | G151: 10419.638 | H151: 12430.122 | I151: 21013.086 | J151: Measure 2 | K151: Country
A152: SPAIN | B152: 8 | C152: 1563.4916 | D152: 10666.003 | E152: 23266.664 | F152: 6863.3159 | G152: 5398.3931 | H152: 10140.882 | I152: 15322.794 | J152: Measure 2 | K152: Country
A153: QATAR | B153: 9 | C153: 12928.779 | D153: 34530.483 | E153: 93737.062 | F153: 27862.989 | G153: 18297.849 | H153: 24747.795 | I153: 49507.762 | J153: Measure 2 | K153: Country
A154: TURKEY | B154: 9 | C154: 6423.1699 | D154: 17330.976 | E154: 31296.166 | F154: 7693.5125 | G154: 12188.662 | H154: 17450.703 | I154: 22789.423 | J154: Measure 2 | K154: Country
A155: MALAYSIA | B155: 10 | C155: 12688.566 | D155: 19991.52 | E155: 26029.391 | F155: 4130.7071 | G155: 16734.529 | H155: 20363.048 | I155: 23691.411 | J155: Measure 2 | K155: Country
A156: KOREA | B156: 10 | C156: 9421.5811 | D156: 20851.801 | E156: 29132.174 | F156: 7213.5426 | G156: 13248.206 | H156: 22462.668 | I156: 27149.094 | J156: Measure 2 | K156: Country
A157: BRAZIL | B157: 10 | C157: 364.79895 | D157: 5306.3031 | E157: 28704.895 | F157: 8366.8952 | G157: 1982.6812 | H157: 2434.1172 | I157: 4430.003 | J157: Measure 2 | K157: Country
A158: COSTA RICA | B158: 10 | C158: 857.61707 | D158: 2943.5292 | E158: 6452.9497 | F158: 1972.1686 | G158: 1230.2972 | H158: 2425.4403 | I158: 4492.349 | J158: Measure 2 | K158: Country
A159: SWITZERLAND | B159: 10 | C159: 202.79396 | D159: 2077.5909 | E159: 7225.4785 | F159: 2061.579 | G159: 743.18628 | H159: 1441.7656 | I159: 2646.0078 | J159: Measure 2 | K159: Country
A160: AUSTRIA | B160: 11 | C160: 1340.0262 | D160: 3667.3614 | E160: 7579.3496 | F160: 2085.3786 | G160: 1614.0499 | H160: 3224.1636 | I160: 5745.687 | J160: Measure 2 | K160: Country
A161: AUSTRALIA | B161: 12 | C161: 7149.5996 | D161: 16866.96 | E161: 37095.434 | F161: 8671.5751 | G161: 8948.6218 | H161: 16032.421 | I161: 22167.739 | J161: Measure 2 | K161: Country
A162: INDONESIA | B162: 13 | C162: 16363.013 | D162: 34339.12 | E162: 124755.16 | F162: 28758.881 | G162: 17921.318 | H162: 28536.977 | I162: 33492.379 | J162: Measure 2 | K162: Country
... A176: UNITED STATES | B176: 2299 | C176: 662.30627 | D176: 7887.8914 | E176: 105021.98 | F176: 5419.2467 | G176: 4785.3945 | H176: 6377.9517 | I176: 9088.7666 | J176: Measure 2 | K176: Country
A177: Grand Total | B177: 2996 | C177: 163.31155 | D177: 9476.078 | E177: 128911.91 | F177: 9183.6272 | G177: #NUM! | H177: #NUM! | I177: #NUM! | J177: #NUM! | K177: Country
A301: JAVA ISLAND INDONESIA | B301: 9 | C301: 16806.604 | D301: 40280.246 | E301: 124755.16 | F301: 33168.664 | G301: 21745.089 | H301: 30084.959 | I301: 42119.312 | J301: Measure 2 | K301: Region
A302: MONTREAL MSA | B302: 9 | C302: 275.35913 | D302: 2525.6953 | E302: 7736.4756 | F302: 2314.0579 | G302: 987.06866 | H302: 1681.6804 | I302: 3859.9199 | J302: Measure 2 | K302: Region
A303: BAJIO-CENTRAL MEXICO | B303: 10 | C303: 3767.7371 | D303: 10599.267 | E303: 22428.268 | F303: 5910.8155 | G303: 4883.8462 | H303: 10812.843 | I303: 14314.392 | J303: Measure 2 | K303: Region
A304: BANGKOK 200KM | B304: 10 | C304: 8836.4893 | D304: 19172.604 | E304: 33702.102 | F304: 7131.8448 | G304: 13332.996 | H304: 18916.759 | I304: 24000.673 | J304: Measure 2 | K304: Region
A305: MAHARASHTRA INDIA | B305: 10 | C305: 14962.816 | D305: 24542.893 | E305: 36721.098 | F305: 8009.7047 | G305: 18408.08 | H305: 22336.255 | I305: 34401.667 | J305: Measure 2 | K305: Region
A306: GUANGDONG CHINA | B306: 11 | C306: 4191.8779 | D306: 24200.728 | E306: 36833.254 | F306: 9673.0675 | G306: 17259.16 | H306: 28864.338 | I306: 32487.096 | J306: Measure 2 | K306: Region
A307: NORTHERN MEXICO | B307: 11 | C307: 5806.9346 | D307: 14754.191 | E307: 28327.438 | F307: 7832.5589 | G307: 9010.4248 | H307: 11819.359 | I307: 22234.229 | J307: Measure 2 | K307: Region
A308: SOUTHERN GERMANY | B308: 17 | C308: 3698.762 | D308: 7448.0069 | E308: 20806.691 | F308: 5153.2143 | G308: 4393.481 | H308: 5100.4907 | I308: 8378.0869 | J308: Measure 2 | K308: Region
A309: NORTHERN GERMANY | B309: 19 | C309: 1819.3043 | D309: 7247.2202 | E309: 14372.479 | F309: 3357.5026 | G309: 4032.4946 | H309: 7233.9067 | I309: 9537.4434 | J309: Measure 2 | K309: Region
A310: Toronto 200KM | B310: 22 | C310: 1320.1914 | D310: 5227.4251 | E310: 18207.588 | F310: 4084.9906 | G310: 3055.3725 | H310: 3658.3557 | I310: 6570.6495 | J310: Measure 2 | K310: Region
A311: CARIBBEAN | B311: 28 | C311: 4643.5903 | D311: 16183.683 | E311: 27034.104 | F311: 6416.812 | G311: 10599.275 | H311: 16740.197 | I311: 20816.39 | J311: Measure 2 | K311: Region
A312: N/A | B312: 2958 | C312: 95.377701 | D312: 9601.0114 | E312: 128911.91 | F312: 9511.3547 | G312: 4793.1686 | H312: 6741.1794 | I312: 10812.628 | J312: Measure 2 | K312: Region
A313: Grand Total | B313: 3114 | C313: 95.377701 | D313: 9823.1075 | E313: 128911.91 | F313: 9779.4829 | G313: #NUM! | H313: #NUM! | I313: #NUM! | J313: #NUM! | K313: Region
A451: INDIA__LUXURY | B451: 8 | C451: 22497.148 | D451: 35789.877 | E451: 44318.973 | F451: 6515.2041 | G451: 32964.106 | H451: 36593.477 | I451: 40302.183 | J451: Measure 2 | K451: CountrySegment
A452: AUSTRIA__UPSCALE AND UPPER UPSCALE | B452: 8 | C452: 1382.0974 | D452: 3209.4891 | E452: 6243.9033 | F452: 1547.8689 | G452: 1865.6883 | H452: 3096.7186 | I452: 4073.2818 | J452: Measure 2 | K452: CountrySegment
A453: GERMANY__LUXURY | B453: 8 | C453: 9049.9482 | D453: 13296.81 | E453: 20806.691 | F453: 4479.3454 | G453: 9875.9844 | H453: 11267.12 | I453: 18075.976 | J453: Measure 2 | K453: CountrySegment
A454: INDONESIA__LUXURY | B454: 8 | C454: 21532.066 | D454: 43425.115 | E454: 124755.16 | F454: 33965.348 | G454: 25960.618 | H454: 31618.128 | I454: 46262.238 | J454: Measure 2 | K454: CountrySegment
A455: THAILAND__UPSCALE AND UPPER UPSCALE | B455: 8 | C455: 8836.4893 | D455: 16445.53 | E455: 22810.881 | F455: 4641.0904 | G455: 12166.663 | H455: 17866.182 | I455: 19450.153 | J455: Measure 2 | K455: CountrySegment
A456: CANADA__UPPER MIDSCALE | B456: 8 | C456: 1437.8912 | D456: 4893.2176 | E456: 14303.279 | F456: 4055.6429 | G456: 2864.8812 | H456: 3386.1379 | I456: 5847.1099 | J456: Measure 2 | K456: CountrySegment
A457: COSTA RICA__UPSCALE AND UPPER UPSCALE | B457: 9 | C457: 857.61707 | D457: 2597.3672 | E457: 6452.9497 | F457: 1739.9896 | G457: 1224.9131 | H457: 2153.5498 | I457: 3404.4084 | J457: Measure 2 | K457: CountrySegment
A458: UNITED ARAB EMIRATES__LUXURY | B458: 9 | C458: 20226.076 | D458: 39339.849 | E458: 67177.109 | F458: 14239.603 | G458: 28445.144 | H458: 38541.984 | I458: 47889.703 | J458: Measure 2 | K458: CountrySegment
A459: SAUDI ARABIA__LUXURY | B459: 10 | C459: 30155.834 | D459: 66065.159 | E459: 128911.91 | F459: 33996.361 | G459: 39335.041 | H459: 52810.578 | I459: 97393.889 | J459: Measure 2 | K459: CountrySegment
A460: UNITED ARAB EMIRATES__UPSCALE AND UPPER UPSCALE | B460: 10 | C460: 11702.703 | D460: 32212.198 | E460: 50177.344 | F460: 11600.308 | G460: 23224.613 | H460: 33248.646 | I460: 40928.313 | J460: Measure 2 | K460: CountrySegment
A461: RUSSIAN FEDERATION__UPSCALE AND UPPER UPSCALE | B461: 11 | C461: 6146.5015 | D461: 10823.271 | E461: 16739.543 | F461: 3480.3565 | G461: 8185.1143 | H461: 9271.5371 | I461: 14388.515 | J461: Measure 2 | K461: CountrySegment
A462: JAPAN__LUXURY | B462: 12 | C462: 8577.2705 | D462: 23963.453 | E462: 47975.586 | F462: 12046.515 | G462: 12516.189 | H462: 24742.05 | I462: 32867.214 | J462: Measure 2 | K462: CountrySegment
... A478: UNITED STATES__UPSCALE AND UPPER UPSCALE | B478: 1701 | C478: 662.30627 | D478: 7916.2073 | E478: 105021.98 | F478: 5057.089 | G478: 4991.9165 | H478: 6758.4614 | I478: 9238.0752 | J478: Measure 2 | K478: CountrySegment
A479: Grand Total | B479: 2827 | C479: 275.35913 | D479: 9048.2261 | E479: 128911.91 | F479: 8613.8615 | G479: #NUM! | H479: #NUM! | I479: #NUM! | J479: #NUM! | K479: CountrySegment
A601: Washington-Arlington-Alexandria, DC-VA-MD-WV__LUXURY | B601: 8 | C601: 8572.4629 | D601: 15081.897 | E601: 25708.971 | F601: 5750.9317 | G601: 9462.9001 | H601: 14844.962 | I601: 18750.035 | J601: Measure 2 | K601: MSASegment
A602: Raleigh, NC__UPSCALE AND UPPER UPSCALE | B602: 8 | C602: 3982.1272 | D602: 6178.2824 | E602: 8520.3633 | F602: 1883.3733 | G602: 4361.3088 | H602: 5661.4812 | I602: 8250.7561 | J602: Measure 2 | K602: MSASegment
A603: Tampa-St. Petersburg-Clearwater, FL__UPPER MIDSCALE | B603: 8 | C603: 3149.1223 | D603: 5170.0517 | E603: 9015.1641 | F603: 2252.528 | G603: 3363.5536 | H603: 4476.4258 | I603: 7462.5432 | J603: Measure 2 | K603: MSASegment
A604: Birmingham-Hoover, AL__UPSCALE AND UPPER UPSCALE | B604: 8 | C604: 4710.6304 | D604: 8774.8771 | E604: 20513.234 | F604: 4979.534 | G604: 6379.3142 | H604: 6834.6948 | I604: 9367.3877 | J604: Measure 2 | K604: MSASegment
A605: DUBAI__LUXURY | B605: 8 | C605: 20226.076 | D605: 38880.952 | E605: 67177.109 | F605: 15151.465 | G605: 26168.53 | H605: 37484.568 | I605: 49330.445 | J605: Measure 2 | K605: MSASegment
A606: Memphis, TN-MS-AR__UPSCALE AND UPPER UPSCALE | B606: 8 | C606: 5821.7651 | D606: 8257.4401 | E606: 10667.001 | F606: 1807.5814 | G606: 6563.9885 | H606: 8401.9744 | I606: 9678.5071 | J606: Measure 2 | K606: MSASegment
A607: Oklahoma City, OK__UPSCALE AND UPPER UPSCALE | B607: 8 | C607: 5880.0542 | D607: 8966.9244 | E607: 14826.709 | F607: 3168.6945 | G607: 6485.078 | H607: 7729.2747 | I607: 11739.681 | J607: Measure 2 | K607: MSASegment
A608: Lexington-Fayette, KY__UPSCALE AND UPPER UPSCALE | B608: 8 | C608: 6422.9194 | D608: 9090.9479 | E608: 14587.74 | F608: 3329.8343 | G608: 6666.6481 | H608: 7760.3354 | I608: 12693.534 | J608: Measure 2 | K608: MSASegment
A609: Durham-Chapel Hill, NC__UPSCALE AND UPPER UPSCALE | B609: 8 | C609: 3687.6479 | D609: 6999.6305 | E609: 12035.417 | F609: 3306.8139 | G609: 4205.2596 | H609: 5694.1758 | I609: 10706.83 | J609: Measure 2 | K609: MSASegment
A610: Atlanta-Sandy Springs-Roswell, GA__UPPER MIDSCALE | B610: 8 | C610: 3845.2854 | D610: 4774.4211 | E610: 6226.8047 | F610: 946.17969 | G610: 3992.0699 | H610: 4477.8167 | I610: 5852.491 | J610: Measure 2 | K610: MSASegment
A611: Rochester, NY__UPSCALE AND UPPER UPSCALE | B611: 8 | C611: 4151.751 | D611: 8850.9478 | E611: 36254.375 | F611: 11106.766 | G611: 4191.6228 | H611: 4867.5425 | I611: 6138.3328 | J611: Measure 2 | K611: MSASegment
A612: Miami-Fort Lauderdale-West Palm Beach, FL__LUXURY | B612: 9 | C612: 15125.45 | D612: 23224.185 | E612: 42259.996 | F612: 8994.5939 | G612: 15752.461 | H612: 20248.051 | I612: 29595.146 | J612: Measure 2 | K612: MSASegment
... A665: Washington-Arlington-Alexandria, DC-VA-MD-WV__UPSCALE AND UPPER UPSCALE | B665: 83 | C665: 3424.3481 | D665: 7605.5916 | E665: 20562.994 | F665: 3104.2944 | G665: 5440.8672 | H665: 6812.3867 | I665: 8865.083 | J665: Measure 2 | K665: MSASegment
A666: Grand Total | B666: 1417 | C666: 662.30627 | D666: 8059.7123 | E666: 67177.109 | F666: 5370.47 | G666: #NUM! | H666: #NUM! | I666: #NUM! | J666: #NUM! | K666: MSASegment
A751: NORTHERN MEXICO__UPPER MIDSCALE | B751: 8 | C751: 5806.9346 | D751: 13361.018 | E751: 28327.438 | F751: 8069.9787 | G751: 6794.2601 | H751: 10189.185 | I751: 20444.475 | J751: Measure 2 | K751: RegionSegment
A752: NORTHERN GERMANY__UPSCALE AND UPPER UPSCALE | B752: 10 | C752: 4032.4946 | D752: 6903.227 | E752: 9537.4434 | F752: 1800.2932 | G752: 5031.4755 | H752: 7165.188 | I752: 8271.1195 | J752: Measure 2 | K752: RegionSegment
A753: SOUTHERN GERMANY__UPSCALE AND UPPER UPSCALE | B753: 12 | C753: 3703.3733 | D753: 5761.1852 | E753: 10880.571 | F753: 1940.6783 | G753: 4693.7345 | H753: 5056.9358 | I753: 6926.7439 | J753: Measure 2 | K753: RegionSegment
A754: N/A__ECONOMY AND MIDSCALE | B754: 15 | C754: 2808.9666 | D754: 13109.085 | E754: 22512.881 | F754: 5996.7688 | G754: 8227.1953 | H754: 14138.424 | I754: 17477.195 | J754: Measure 2 | K754: RegionSegment
A755: Toronto 200KM__UPSCALE AND UPPER UPSCALE | B755: 16 | C755: 2885.7644 | D755: 4904.028 | E755: 18207.588 | F755: 3789.7075 | G755: 3103.5042 | H755: 3658.3557 | I755: 4977.2631 | J755: Measure 2 | K755: RegionSegment
A756: CARIBBEAN__UPSCALE AND UPPER UPSCALE | B756: 23 | C756: 4643.5903 | D756: 15833.483 | E756: 27034.104 | F756: 6358.5295 | G756: 9292.4727 | H756: 17156.193 | I756: 20559.553 | J756: Measure 2 | K756: RegionSegment
A757: N/A__TIMESHARE | B757: 50 | C757: 2249.1768 | D757: 9487.3603 | E757: 22676.342 | F757: 4996.4204 | G757: 5980.1393 | H757: 8449.5586 | I757: 10440.146 | J757: Measure 2 | K757: RegionSegment
A758: N/A__LUXURY | B758: 242 | C758: 95.377701 | D758: 24918.339 | E758: 128911.91 | F758: 18928.572 | G758: 12851.107 | H758: 20258.5 | I758: 31283.435 | J758: Measure 2 | K758: RegionSegment
A759: N/A__UPPER MIDSCALE | B759: 611 | C759: 202.79396 | D759: 5974.0075 | E759: 61834.949 | F759: 5045.9517 | G759: 3911.4885 | H759: 5021.0649 | I759: 6377.6436 | J759: Measure 2 | K759: RegionSegment
A760: N/A__UPSCALE AND UPPER UPSCALE | B760: 2036 | C760: 163.31155 | D760: 8853.2387 | E760: 105021.98 | F760: 6928.494 | G760: 5035.6379 | H760: 7021.0901 | I760: 10487.267 | J760: Measure 2 | K760: RegionSegment
A761: Grand Total | B761: 3023 | C761: 95.377701 | D761: 9614.3712 | E761: 128911.91 | F761: 9464.0337 | G761: #NUM! | H761: #NUM! | I761: #NUM! | J761: #NUM! | K761: RegionSegment

Sheet ImpM3
A1: Row Labels | B1: Count | C1: Min | D1: Mean | E1: Max | F1: SD | G1: 25th | H1: Median | I1: 75th | J1: Measure | K1: Geography
A2: Albany-Schenectady-Troy, NY | B2: 8 | C2: 9.6711121 | D2: 32.158567 | E2: 142.041 | F2: 44.641676 | G2: 13.000083 | H2: 16.812227 | I2: 22.898511 | J2: Measure 3 | K2: MSA
A3: BANGKOK | B3: 8 | C3: 28.366102 | D3: 71.530988 | E3: 174.27077 | F3: 47.417945 | G3: 38.212075 | H3: 59.869244 | I3: 93.654078 | J3: Measure 3 | K3: MSA
A4: Las Vegas-Henderson-Paradise, NV | B4: 8 | C4: 17.876278 | D4: 43.639667 | E4: 126.78345 | F4: 41.78758 | G4: 20.606648 | H4: 22.752518 | I4: 75.552588 | J4: Measure 3 | K4: MSA
A5: BIRMINGHAM | B5: 8 | C5: 10.972478 | D5: 22.544912 | E5: 36.832935 | F5: 7.3717709 | G5: 19.466098 | H5: 21.061406 | I5: 25.676723 | J5: Measure 3 | K5: MSA
A6: Wichita, KS | B6: 8 | C6: 30.627213 | D6: 64.131453 | E6: 117.27309 | F6: 31.544405 | G6: 32.858435 | H6: 64.704018 | I6: 86.809668 | J6: Measure 3 | K6: MSA
A7: ISTANBUL | B7: 8 | C7: 20.278116 | D7: 58.867055 | E7: 117.45306 | F7: 31.762247 | G7: 29.839921 | H7: 55.738848 | I7: 80.049677 | J7: Measure 3 | K7: MSA
A8: Raleigh, NC | B8: 9 | C8: 14.004221 | D8: 21.481147 | E8: 31.01515 | F8: 7.2901082 | G8: 14.519198 | H8: 18.927055 | I8: 30.602872 | J8: Measure 3 | K8: MSA
A9: JAVA ISLAND INDONESIA | B9: 9 | C9: 75.472031 | D9: 153.45258 | E9: 451.00995 | F9: 116.51485 | G9: 93.975594 | H9: 106.03356 | I9: 163.20823 | J9: Measure 3 | K9: MSA
A10: Durham-Chapel Hill, NC | B10: 9 | C10: 13.341059 | D10: 24.473633 | E10: 42.766586 | F10: 11.859801 | G10: 15.200601 | H10: 17.176575 | I10: 38.185129 | J10: Measure 3 | K10: MSA
A11: Oklahoma City, OK | B11: 9 | C11: 21.562618 | D11: 36.882014 | E11: 75.058929 | F11: 18.212937 | G11: 24.167533 | H11: 27.523325 | I11: 50.333334 | J11: Measure 3 | K11: MSA
A12: Lexington-Fayette, KY | B12: 9 | C12: 17.527109 | D12: 32.686326 | E12: 60.030914 | F12: 15.038011 | G12: 22.725008 | H12: 27.978815 | I12: 43.514305 | J12: Measure 3 | K12: MSA
A13: Providence-Warwick, RI-MA | B13: 10 | C13: 12.545132 | D13: 20.991122 | E13: 36.81229 | F13: 7.417368 | G13: 15.467175 | H13: 19.672171 | I13: 24.983085 | J13: Measure 3 | K13: MSA
... A72: Washington-Arlington-Alexandria, DC-VA-MD-WV | B72: 111 | C72: 13.475057 | D72: 43.038112 | E72: 212.84195 | F72: 42.330962 | G72: 20.380949 | H72: 27.293924 | I72: 45.478085 | J72: Measure 3 | K72: MSA
A73: Grand Total | B73: 1911 | C73: 3.1385496 | D73: 40.856856 | E73: 451.00995 | F73: 38.960597 | G73: #NUM! | H73: #NUM! | I73: #NUM! | J73: #NUM! | K73: MSA
A151: AUSTRIA | B151: 8 | C151: 6.7573252 | D151: 18.189296 | E151: 41.913834 | F151: 11.098182 | G151: 11.038242 | H151: 14.553896 | I151: 23.280281 | J151: Measure 3 | K151: Country
A152: SPAIN | B152: 8 | C152: 9.867465 | D152: 43.940688 | E152: 95.910957 | F152: 25.870412 | G152: 23.337041 | H152: 44.27355 | I152: 53.334579 | J152: Measure 3 | K152: Country
A153: ITALY | B153: 8 | C153: 22.981277 | D153: 89.695925 | E153: 148.84778 | F153: 43.416027 | G153: 49.002144 | H153: 92.962437 | I153: 128.54476 | J153: Measure 3 | K153: Country
A154: SWITZERLAND | B154: 8 | C154: 0.79162705 | D154: 9.4636462 | E154: 36.404587 | F154: 11.450006 | G154: 3.1651623 | H154: 5.7007508 | I154: 11.329418 | J154: Measure 3 | K154: Country
A155: JORDAN | B155: 9 | C155: 41.98399 | D155: 197.29257 | E155: 338.76007 | F155: 116.3101 | G155: 83.653198 | H155: 215.61134 | I155: 309.92297 | J155: Measure 3 | K155: Country
A156: BRAZIL | B156: 9 | C156: 1.9587466 | D156: 22.67026 | E156: 111.25043 | F156: 33.86687 | G156: 7.7003973 | H156: 12.453773 | I156: 20.289699 | J156: Measure 3 | K156: Country
A157: KOREA | B157: 10 | C157: 31.284716 | D157: 71.997958 | E157: 101.26678 | F157: 24.459858 | G157: 54.719781 | H157: 74.493198 | I157: 93.413717 | J157: Measure 3 | K157: Country
A158: COSTA RICA | B158: 10 | C158: 3.7378438 | D158: 12.77884 | E158: 27.488459 | F158: 8.3826958 | G158: 7.0010558 | H158: 9.9277925 | I158: 19.080275 | J158: Measure 3 | K158: Country
A159: TURKEY | B159: 10 | C159: 20.278116 | D159: 71.879361 | E159: 127.69708 | F159: 39.247207 | G159: 38.309316 | H159: 64.609798 | I159: 118.12982 | J159: Measure 3 | K159: Country
A160: AUSTRALIA | B160: 12 | C160: 22.885714 | D160: 58.472826 | E160: 123.96136 | F160: 31.027695 | G160: 31.118021 | H160: 51.044691 | I160: 83.197226 | J160: Measure 3 | K160: Country
A161: HONG KONG | B161: 14 | C161: 30.541965 | D161: 93.029877 | E161: 246.32672 | F161: 63.490668 | G161: 43.015572 | H161: 74.364582 | I161: 120.56241 | J161: Measure 3 | K161: Country
A162: INDONESIA | B162: 14 | C162: 59.410263 | D162: 151.55074 | E162: 451.00995 | F162: 119.14536 | G162: 86.750599 | H162: 104.61664 | I162: 150.14595 | J162: Measure 3 | K162: Country
... A175: UNITED STATES | B175: 2404 | C175: 6.4883952 | D175: 38.265856 | E175: 241.40681 | F175: 35.152491 | G175: 18.823197 | H175: 25.286569 | I175: 42.458241 | J175: Measure 3 | K175: Country
A176: Grand Total | B176: 3082 | C176: 0.79162705 | D176: 43.267772 | E176: 451.00995 | F176: 43.611559 | G176: #NUM! | H176: #NUM! | I176: #NUM! | J176: #NUM! | K176: Country
A301: ALBERTA CANADA | B301: 8 | C301: 30.969402 | D301: 55.277661 | E301: 94.740997 | F301: 21.314668 | G301: 40.735664 | H301: 47.015396 | I301: 73.153612 | J301: Measure 3 | K301: Region
A302: MONTREAL MSA | B302: 8 | C302: 1.0704931 | D302: 7.2011683 | E302: 17.328014 | F302: 5.6710084 | G302: 3.1311655 | H302: 5.5850432 | I302: 12.395072 | J302: Measure 3 | K302: Region
A303: YUCATAN PENINSULA MEXICO | B303: 8 | C303: 35.410332 | D303: 57.920461 | E303: 140.98001 | F303: 36.113912 | G303: 36.962901 | H303: 43.246998 | I303: 69.845156 | J303: Measure 3 | K303: Region
A304: JAVA ISLAND INDONESIA | B304: 9 | C304: 75.472031 | D304: 153.45258 | E304: 451.00995 | F304: 116.51485 | G304: 93.975594 | H304: 106.03356 | I304: 163.20823 | J304: Measure 3 | K304: Region
A305: GUANGDONG CHINA | B305: 10 | C305: 14.957218 | D305: 97.381743 | E305: 142.07732 | F305: 40.15635 | G305: 64.430501 | H305: 116.19427 | I305: 125.34504 | J305: Measure 3 | K305: Region
A306: MAHARASHTRA INDIA | B306: 10 | C306: 58.57412 | D306: 109.60085 | E306: 180.42628 | F306: 45.073662 | G306: 77.497332 | H306: 94.563541 | I306: 166.89037 | J306: Measure 3 | K306: Region
A307: BANGKOK 200KM | B307: 11 | C307: 28.366102 | D307: 72.54412 | E307: 174.27077 | F307: 42.304657 | G307: 42.489937 | H307: 65.362228 | I307: 102.00991 | J307: Measure 3 | K307: Region
A308: BAJIO-CENTRAL MEXICO | B308: 11 | C308: 17.47257 | D308: 46.855003 | E308: 101.21519 | F308: 27.626132 | G308: 18.455164 | H308: 46.480499 | I308: 73.844017 | J308: Measure 3 | K308: Region
A309: NORTHERN MEXICO | B309: 12 | C309: 24.060072 | D309: 65.045446 | E309: 117.21274 | F309: 27.8765 | G309: 41.703519 | H309: 61.518368 | I309: 85.734835 | J309: Measure 3 | K309: Region
A310: SOUTHERN GERMANY | B310: 17 | C310: 14.766147 | D310: 29.920324 | E310: 95.261505 | F310: 22.090343 | G310: 16.464494 | H310: 22.095289 | I310: 33.014689 | J310: Measure 3 | K310: Region
A311: NORTHERN GERMANY | B311: 19 | C311: 8.835659 | D311: 28.475312 | E311: 66.401451 | F311: 14.125395 | G311: 16.183271 | H311: 27.88209 | I311: 38.573833 | J311: Measure 3 | K311: Region
A312: Toronto 200KM | B312: 24 | C312: 10.18308 | D312: 40.178054 | E312: 176.00388 | F312: 44.874294 | G312: 11.512019 | H312: 16.569057 | I312: 63.653497 | J312: Measure 3 | K312: Region
... A314: N/A | B314: 3053 | C314: 0.45930573 | D314: 44.539263 | E314: 440.3804 | F314: 46.558599 | G314: 18.98645 | H314: 26.997442 | I314: 49.81951 | J314: Measure 3 | K314: Region
A315: Grand Total | B315: 3231 | C315: 0.45930573 | D315: 45.459322 | E315: 451.00995 | F315: 47.421128 | G315: #NUM! | H315: #NUM! | I315: #NUM! | J315: #NUM! | K315: Region
A451: GERMANY__LUXURY | B451: 8 | C451: 34.215305 | D451: 54.191614 | E451: 95.261505 | F451: 21.257705 | G451: 39.008566 | H451: 43.893911 | I451: 69.802607 | J451: Measure 3 | K451: CountrySegment
A452: CHINA__UPPER MIDSCALE | B452: 8 | C452: 14.957218 | D452: 52.08236 | E452: 118.5453 | F452: 36.329565 | G452: 22.966441 | H452: 43.028835 | I452: 80.39557 | J452: Measure 3 | K452: CountrySegment
A453: SAUDI ARABIA__LUXURY | B453: 8 | C453: 138.75645 | D453: 222.40595 | E453: 440.3804 | F453: 105.29388 | G453: 159.82573 | H453: 175.04156 | I453: 294.35116 | J453: Measure 3 | K453: CountrySegment
A454: INDONESIA__LUXURY | B454: 9 | C454: 90.693153 | D454: 190.59638 | E454: 451.00995 | F454: 134.72621 | G454: 104.61664 | H454: 130.99036 | I454: 290.60465 | J454: Measure 3 | K454: CountrySegment
A455: COSTA RICA__UPSCALE AND UPPER UPSCALE | B455: 9 | C455: 3.7378438 | D455: 11.190575 | E455: 27.488459 | F455: 7.1185817 | G455: 6.9219396 | H455: 9.041007 | I455: 14.231759 | J455: Measure 3 | K455: CountrySegment
A456: UNITED ARAB EMIRATES__LUXURY | B456: 9 | C456: 87.022171 | D456: 139.16247 | E456: 221.02646 | F456: 45.555441 | G456: 103.4354 | H456: 120.58602 | I456: 182.91011 | J456: Measure 3 | K456: CountrySegment
A457: THAILAND__UPSCALE AND UPPER UPSCALE | B457: 9 | C457: 28.366102 | D457: 53.739833 | E457: 80.177277 | F457: 16.710599 | G457: 39.638029 | H457: 54.376259 | I457: 67.193451 | J457: Measure 3 | K457: CountrySegment
A458: UNITED ARAB EMIRATES__UPSCALE AND UPPER UPSCALE | B458: 11 | C458: 46.074734 | D458: 113.78874 | E458: 221.84103 | F458: 50.317288 | G458: 76.732399 | H458: 117.59308 | I458: 146.88574 | J458: Measure 3 | K458: CountrySegment
A459: RUSSIAN FEDERATION__UPSCALE AND UPPER UPSCALE | B459: 11 | C459: 31.69062 | D459: 47.952039 | E459: 80.075882 | F459: 15.700635 | G459: 34.709526 | H459: 41.747475 | I459: 61.409485 | J459: Measure 3 | K459: CountrySegment
A460: JAPAN__LUXURY | B460: 12 | C460: 27.655622 | D460: 82.436466 | E460: 166.85358 | F460: 41.938192 | G460: 43.583817 | H460: 85.290154 | I460: 111.45736 | J460: Measure 3 | K460: CountrySegment
A461: CANADA__UPPER MIDSCALE | B461: 13 | C461: 7.4273639 | D461: 42.736991 | E461: 158.70818 | F461: 46.809314 | G461: 10.495435 | H461: 17.07715 | I461: 77.943951 | J461: Measure 3 | K461: CountrySegment
A462: JAPAN__UPSCALE AND UPPER UPSCALE | B462: 16 | C462: 19.330736 | D462: 51.015283 | E462: 100.06495 | F462: 24.36694 | G462: 30.482755 | H462: 45.108099 | I462: 76.643417 | J462: Measure 3 | K462: CountrySegment
... A477: UNITED STATES__UPSCALE AND UPPER UPSCALE | B477: 1729 | C477: 7.1269493 | D477: 33.534862 | E477: 237.06117 | F477: 27.199861 | G477: 18.89962 | H477: 25.226135 | I477: 38.103649 | J477: Measure 3 | K477: CountrySegment
A478: Grand Total | B478: 2918 | C478: 1.0377861 | D478: 41.526242 | E478: 451.00995 | F478: 41.17618 | G478: #NUM! | H478: #NUM! | I478: #NUM! | J478: #NUM! | K478: CountrySegment
A601: Sacramento--Roseville--Arden-Arcade, CA__UPSCALE AND UPPER UPSCALE | B601: 8 | C601: 9.1118498 | D601: 13.984211 | E601: 18.766758 | F601: 3.5019141 | G601: 10.602485 | H601: 14.524662 | I601: 17.317051 | J601: Measure 3 | K601: MSASegment
A602: Dallas-Fort Worth-Arlington, TX__ECONOMY AND MIDSCALE | B602: 8 | C602: 61.768101 | D602: 100.9664 | E602: 227.01135 | F602: 58.123107 | G602: 68.52352 | H602: 74.769974 | I602: 132.8556 | J602: Measure 3 | K602: MSASegment
A603: TORONTO__UPSCALE AND UPPER UPSCALE | B603: 8 | C603: 10.18308 | D603: 20.156537 | E603: 62.322048 | F603: 17.403684 | G603: 11.508809 | H603: 14.0771 | I603: 19.68224 | J603: Measure 3 | K603: MSASegment
A604: Lexington-Fayette, KY__UPSCALE AND UPPER UPSCALE | B604: 8 | C604: 22.095251 | D604: 34.581228 | E604: 60.030914 | F604: 14.883391 | G604: 24.475287 | H604: 28.151717 | I604: 49.96764 | J604: Measure 3 | K604: MSASegment
A605: Washington-Arlington-Alexandria, DC-VA-MD-WV__LUXURY | B605: 8 | C605: 28.54665 | D605: 57.382897 | E605: 96.936943 | F605: 22.72085 | G605: 34.140411 | H605: 58.843227 | I605: 70.29603 | J605: Measure 3 | K605: MSASegment
A606: Raleigh, NC__UPSCALE AND UPPER UPSCALE | B606: 8 | C606: 14.188948 | D606: 22.415762 | E606: 31.01515 | F606: 7.1939752 | G606: 15.861121 | H606: 19.585335 | I606: 30.688981 | J606: Measure 3 | K606: MSASegment
A607: DUBAI__LUXURY | B607: 8 | C607: 87.022171 | D607: 133.66079 | E607: 221.02646 | F607: 45.392031 | G607: 101.75615 | H607: 120.2462 | I607: 169.79077 | J607: Measure 3 | K607: MSASegment
A608: Memphis, TN-MS-AR__UPSCALE AND UPPER UPSCALE | B608: 8 | C608: 20.751678 | D608: 30.138782 | E608: 38.416988 | F608: 6.0236326 | G608: 24.866142 | H608: 31.842484 | I608: 34.414506 | J608: Measure 3 | K608: MSASegment
A609: Rochester, NY__UPSCALE AND UPPER UPSCALE | B609: 8 | C609: 15.338626 | D609: 31.731221 | E609: 113.43591 | F609: 33.307612 | G609: 15.904918 | H609: 20.861543 | I609: 25.811816 | J609: Measure 3 | K609: MSASegment
A610: Charleston-North Charleston, SC__UPSCALE AND UPPER UPSCALE | B610: 8 | C610: 15.93367 | D610: 21.936722 | E610: 31.889946 | F610: 6.325998 | G610: 16.475024 | H610: 19.489985 | I610: 28.808401 | J610: Measure 3 | K610: MSASegment
A611: Savannah, GA__UPSCALE AND UPPER UPSCALE | B611: 8 | C611: 18.211658 | D611: 34.27469 | E611: 69.420174 | F611: 19.081202 | G611: 20.15894 | H611: 24.321979 | I611: 51.184629 | J611: Measure 3 | K611: MSASegment
A612: Providence-Warwick, RI-MA__UPSCALE AND UPPER UPSCALE | B612: 9 | C612: 12.545132 | D612: 20.87786 | E612: 36.81229 | F612: 7.8581295 | G612: 15.185977 | H612: 17.33386 | I612: 26.228449 | J612: Measure 3 | K612: MSASegment
... A669: Washington-Arlington-Alexandria, DC-VA-MD-WV__UPSCALE AND UPPER UPSCALE | B669: 88 | C669: 13.956797 | D669: 36.521386 | E669: 210.0144 | F669: 32.539525 | G669: 20.422151 | H669: 26.066089 | I669: 35.737923 | J669: Measure 3 | K669: MSASegment
A670: Grand Total | B670: 1481 | C670: 7.0049806 | D670: 35.544961 | E670: 227.01135 | F670: 31.753655 | G670: #NUM! | H670: #NUM! | I670: #NUM! | J670: #NUM! | K670: MSASegment
A751: NORTHERN MEXICO__UPPER MIDSCALE | B751: 9 | C751: 24.060072 | D751: 57.490306 | E751: 98.637024 | F751: 24.505923 | G751: 33.820565 | H751: 56.314629 | I751: 76.39827 | J751: Measure 3 | K751: RegionSegment
A752: NORTHERN GERMANY__UPSCALE AND UPPER UPSCALE | B752: 10 | C752: 13.692943 | D752: 25.703186 | E752: 38.573833 | F752: 7.5397561 | G752: 18.020625 | H752: 27.519512 | I752: 30.089248 | J752: Measure 3 | K752: RegionSegment
A753: SOUTHERN GERMANY__UPSCALE AND UPPER UPSCALE | B753: 12 | C753: 14.766147 | D753: 21.865317 | E753: 45.431068 | F753: 8.693211 | G753: 15.533485 | H753: 18.987604 | I753: 26.074342 | J753: Measure 3 | K753: RegionSegment
A754: Toronto 200KM__UPSCALE AND UPPER UPSCALE | B754: 16 | C754: 10.18308 | D754: 20.3126 | E754: 67.67115 | F754: 17.780307 | G754: 11.453987 | H754: 13.056616 | I754: 19.68224 | J754: Measure 3 | K754: RegionSegment
A755: CARIBBEAN__UPSCALE AND UPPER UPSCALE | B755: 24 | C755: 16.530716 | D755: 54.798825 | E755: 101.05451 | F755: 22.852224 | G755: 33.315496 | H755: 57.794018 | I755: 72.871862 | J755: Measure 3 | K755: RegionSegment
A756: N/A__TIMESHARE | B756: 27 | C756: 12.912268 | D756: 39.806018 | E756: 93.405312 | F756: 23.081334 | G756: 23.769283 | H756: 30.662497 | I756: 46.963486 | J756: Measure 3 | K756: RegionSegment
A757: N/A__ECONOMY AND MIDSCALE | B757: 74 | C757: 14.099887 | D757: 75.152317 | E757: 227.01135 | F757: 28.197655 | G757: 61.844567 | H757: 69.690838 | I757: 84.720037 | J757: Measure 3 | K757: RegionSegment
A758: N/A__LUXURY | B758: 249 | C758: 0.45930573 | D758: 100.53257 | E758: 440.3804 | F758: 77.768626 | G758: 46.659876 | H758: 81.179878 | I758: 128.02166 | J758: Measure 3 | K758: RegionSegment
A759: N/A__UPPER MIDSCALE | B759: 645 | C759: 0.79162705 | D759: 41.690346 | E759: 298.32782 | F759: 49.169168 | G759: 16.538444 | H759: 21.738398 | I759: 31.504939 | J759: Measure 3 | K759: RegionSegment
A760: N/A__UPSCALE AND UPPER UPSCALE | B760: 2056 | C760: 1.0377861 | D760: 37.628827 | E760: 372.40378 | F760: 35.104292 | G760: 19.028009 | H760: 26.53691 | I760: 42.343643 | J760: Measure 3 | K760: RegionSegment
A761: Grand Total | B761: 3122 | C761: 0.45930573 | D761: 44.394871 | E761: 440.3804 | F761: 46.198503 | G761: #NUM! | H761: #NUM! | I761: #NUM! | J761: #NUM! | K761: RegionSegment

Sheet ImpM4
A1: Row Labels | B1: Count | C1: Min | D1: Mean | E1: Max | F1: SD | G1: 25th | H1: Median | I1: 75th | J1: Measure | K1: Geography
A2: Knoxville, TN | B2: 8 | C2: 83.660316 | D2: 131.7961 | E2: 220.61139 | F2: 44.040403 | G2: 97.720434 | H2: 123.8014 | I2: 154.79447 | J2: Measure 4 | K2: MSA
A3: Montgomery, AL | B3: 8 | C3: 67.861847 | D3: 130.40143 | E3: 227.33363 | F3: 60.960586 | G3: 91.128939 | H3: 110.794 | I3: 197.5652 | J3: Measure 4 | K3: MSA
A4: Dayton, OH | B4: 8 | C4: 109.72863 | D4: 152.44771 | E4: 237.64542 | F4: 40.93689 | G4: 123.28163 | H4: 139.77714 | I4: 172.79325 | J4: Measure 4 | K4: MSA
A5: Greensboro-High Point, NC | B5: 8 | C5: 46.87038 | D5: 125.06198 | E5: 356.27365 | F5: 100.3148 | G5: 58.330717 | H5: 92.429745 | I5: 143.43888 | J5: Measure 4 | K5: MSA
A6: Albany-Schenectady-Troy, NY | B6: 8 | C6: 45.176414 | D6: 63.571647 | E6: 97.162003 | F6: 19.085894 | G6: 48.89928 | H6: 54.670202 | I6: 80.24329 | J6: Measure 4 | K6: MSA
A7: BANGKOK | B7: 8 | C7: 101.13319 | D7: 153.71217 | E7: 248.52565 | F7: 50.286423 | G7: 112.3767 | H7: 138.97126 | I7: 193.8103 | J7: Measure 4 | K7: MSA
A8: MONTREAL | B8: 8 | C8: 4.2192593 | D8: 39.021499 | E8: 88.560234 | F8: 30.141525 | G8: 17.009631 | H8: 27.151309 | I8: 70.311811 | J8: Measure 4 | K8: MSA
A9: BIRMINGHAM | B9: 8 | C9: 60.236031 | D9: 152.02078 | E9: 461.64948 | F9: 128.58344 | G9: 87.473368 | H9: 116.64573 | I9: 141.57534 | J9: Measure 4 | K9: MSA
A10: SAO PAULO | B10: 8 | C10: 23.914127 | D10: 65.740609 | E10: 240.16194 | F10: 71.467298 | G10: 32.324599 | H10: 42.669847 | I10: 56.711342 | J10: Measure 4 | K10: MSA
A11: DOHA | B11: 8 | C11: 46.036983 | D11: 155.46621 | E11: 346.22995 | F11: 100.23676 | G11: 67.195355 | H11: 147.97783 | I11: 217.59278 | J11: Measure 4 | K11: MSA
A12: Albuquerque, NM | B12: 9 | C12: 65.399239 | D12: 105.32415 | E12: 160.08473 | F12: 36.821119 | G12: 70.200256 | H12: 90.873497 | I12: 139.77264 | J12: Measure 4 | K12: MSA
A13: Raleigh, NC | B13: 9 | C13: 64.034477 | D13: 90.017563 | E13: 111.36009 | F13: 13.806126 | G13: 81.900589 | H13: 92.484703 | I13: 99.741051 | J13: Measure 4 | K13: MSA
... A76: Washington-Arlington-Alexandria, DC-VA-MD-WV | B76: 103 | C76: 58.252228 | D76: 114.33707 | E76: 308.6199 | F76: 37.994749 | G76: 91.53421 | H76: 106.53425 | I76: 132.96442 | J76: Measure 4 | K76: MSA
A77: Grand Total | B77: 1849 | C77: 4.2192593 | D77: 121.29727 | E77: 685.81555 | F77: 60.648556 | G77: #NUM! | H77: #NUM! | I77: #NUM! | J77: #NUM! | K77: MSA
A151: EGYPT | B151: 8 | C151: 116.14302 | D151: 177.44272 | E151: 301.85715 | F151: 68.955305 | G151: 123.05092 | H151: 150.07078 | I151: 242.07383 | J151: Measure 4 | K151: Country
A152: SPAIN | B152: 8 | C152: 30.851505 | D152: 119.36566 | E152: 308.26239 | F152: 80.733075 | G152: 92.592703 | H152: 102.44713 | I152: 115.05559 | J152: Measure 4 | K152: Country
A153: QATAR | B153: 9 | C153: 46.036983 | D153: 152.79083 | E153: 346.22995 | F153: 94.105793 | G153: 72.11907 | H153: 131.38783 | I153: 205.63446 | J153: Measure 4 | K153: Country
A154: TURKEY | B154: 9 | C154: 46.585678 | D154: 146.14856 | E154: 296.4902 | F154: 86.09018 | G154: 86.046867 | H154: 117.89312 | I154: 227.8298 | J154: Measure 4 | K154: Country
A155: MALAYSIA | B155: 10 | C155: 142.748 | D155: 268.59578 | E155: 725.79858 | F155: 172.63136 | G155: 161.28451 | H155: 222.09435 | I155: 317.89815 | J155: Measure 4 | K155: Country
A156: KOREA | B156: 10 | C156: 82.171173 | D156: 185.93215 | E156: 347.14038 | F156: 78.268224 | G156: 129.66962 | H156: 184.04959 | I156: 228.37009 | J156: Measure 4 | K156: Country
A157: BRAZIL | B157: 10 | C157: 23.914127 | D157: 59.54723 | E157: 240.16194 | F157: 64.425595 | G157: 31.450837 | H157: 38.33284 | I157: 55.089516 | J157: Measure 4 | K157: Country
A158: COSTA RICA | B158: 10 | C158: 18.756018 | D158: 44.199429 | E158: 86.012306 | F158: 24.012537 | G158: 25.36086 | H158: 40.743244 | I158: 60.749031 | J158: Measure 4 | K158: Country
A159: SWITZERLAND | B159: 10 | C159: 3.1199071 | D159: 35.843866 | E159: 92.755196 | F159: 34.259651 | G159: 11.885284 | H159: 19.381652 | I159: 74.458687 | J159: Measure 4 | K159: Country
A160: AUSTRIA | B160: 11 | C160: 18.303869 | D160: 65.822435 | E160: 118.96146 | F160: 27.892001 | G160: 47.478226 | H160: 63.836319 | I160: 89.200577 | J160: Measure 4 | K160: Country
A161: AUSTRALIA | B161: 12 | C161: 105.23118 | D161: 194.48745 | E161: 310.24631 | F161: 64.05599 | G161: 155.18393 | H161: 165.98635 | I161: 265.31185 | J161: Measure 4 | K161: Country
A162: INDONESIA | B162: 13 | C162: 192.80312 | D162: 252.9059 | E162: 358.75482 | F162: 55.806544 | G162: 217.31053 | H162: 228.34821 | I162: 290.87761 | J162: Measure 4 | K162: Country
... A176: UNITED STATES | B176: 2309 | C176: 25.328175 | D176: 118.62597 | E176: 546.92566 | F176: 55.199482 | G176: 82.192669 | H176: 109.60432 | I176: 141.44128 | J176: Measure 4 | K176: Country
A177: Grand Total | B177: 3011 | C177: 3.1199071 | D177: 125.82714 | E177: 867.99554 | F177: 69.838443 | G177: #NUM! | H177: #NUM! | I177: #NUM! | J177: #NUM! | K177: Country
A301: ALBERTA CANADA | B301: 8 | C301: 68.974045 | D301: 160.04304 | E301: 216.48567 | F301: 45.420504 | G301: 136.11372 | H301: 171.67789 | I301: 189.93564 | J301: Measure 4 | K301: Region
A302: JAVA ISLAND INDONESIA | B302: 9 | C302: 192.80312 | D302: 252.37783 | E302: 358.75482 | F302: 62.488357 | G302: 211.58827 | H302: 228.34821 | I302: 306.21317 | J302: Measure 4 | K302: Region
A303: MONTREAL MSA | B303: 9 | C303: 4.2192593 | D303: 36.959874 | E303: 88.560234 | F303: 28.865209 | G303: 17.62069 | H303: 24.144812 | I303: 63.300182 | J303: Measure 4 | K303: Region
A304: BANGKOK 200KM | B304: 10 | C304: 101.13319 | D304: 151.20892 | E304: 248.52565 | F304: 45.368859 | G304: 120.29857 | H304: 138.97126 | I304: 175.57468 | J304: Measure 4 | K304: Region
A305: BAJIO-CENTRAL MEXICO | B305: 10 | C305: 40.475494 | D305: 124.69645 | E305: 210.95746 | F305: 59.299053 | G305: 68.084053 | H305: 121.57507 | I305: 185.05006 | J305: Measure 4 | K305: Region
A306: MAHARASHTRA INDIA | B306: 10 | C306: 136.65884 | D306: 219.01459 | E306: 350.36493 | F306: 63.994649 | G306: 171.08038 | H306: 218.78403 | I306: 259.15387 | J306: Measure 4 | K306: Region
A307: GUANGDONG CHINA | B307: 11 | C307: 88.372925 | D307: 163.68946 | E307: 269.14832 | F307: 54.921278 | G307: 113.3908 | H307: 150.821 | I307: 207.53575 | J307: Measure 4 | K307: Region
A308: NORTHERN MEXICO | B308: 11 | C308: 64.356049 | D308: 155.04171 | E308: 303.4407 | F308: 75.995814 | G308: 84.401123 | H308: 145.81064 | I308: 202.82997 | J308: Measure 4 | K308: Region
A309: SOUTHERN GERMANY | B309: 17 | C309: 78.641533 | D309: 120.79589 | E309: 175.40753 | F309: 28.565448 | G309: 94.609417 | H309: 115.86284 | I309: 141.00003 | J309: Measure 4 | K309: Region
A310: NORTHERN GERMANY | B310: 19 | C310: 55.768959 | D310: 106.97032 | E310: 182.13664 | F310: 34.414904 | G310: 83.446297 | H310: 101.17374 | I310: 125.76774 | J310: Measure 4 | K310: Region
A311: Toronto 200KM | B311: 22 | C311: 25.796165 | D311: 69.908676 | E311: 230.77469 | F311: 51.013749 | G311: 41.600201 | H311: 54.70578 | I311: 72.375416 | J311: Measure 4 | K311: Region
A312: CARIBBEAN | B312: 28 | C312: 65.827438 | D312: 208.09979 | E312: 414.81326 | F312: 93.922892 | G312: 164.55679 | H312: 193.43458 | I312: 245.50643 | J312: Measure 4 | K312: Region
A313: N/A | B313: 2969 | C313: 0.9857251 | D313: 127.57945 | E313: 867.99554 | F313: 73.498656 | G313: 82.17688 | H313: 113.61015 | I313: 151.32878 | J313: Measure 4 | K313: Region
A314: Grand Total | B314: 3133 | C314: 0.9857251 | D314: 128.49466 | E314: 867.99554 | F314: 74.069681 | G314: #NUM! | H314: #NUM! | I314: #NUM! | J314: #NUM! | K314: Region
A451: INDIA__LUXURY | B451: 8 | C451: 128.6516 | D451: 259.37562 | E451: 426.17542 | F451: 92.579209 | G451: 206.64996 | H451: 236.53303 | I451: 332.03596 | J451: Measure 4 | K451: CountrySegment
A452: AUSTRIA__UPSCALE AND UPPER UPSCALE | B452: 8 | C452: 42.495209 | D452: 70.30244 | E452: 118.96146 | F452: 27.177702 | G452: 48.105094 | H452: 61.811728 | I452: 90.306316 | J452: Measure 4 | K452: CountrySegment
A453: GERMANY__LUXURY | B453: 8 | C453: 96.331558 | D453: 128.4193 | E453: 182.13664 | F453: 29.978862 | G453: 109.89931 | H453: 118.14143 | I453: 155.96392 | J453: Measure 4 | K453: CountrySegment
A454: INDONESIA__LUXURY | B454: 8 | C454: 192.80312 | D454: 264.55112 | E454: 358.75482 | F454: 62.109723 | G454: 224.60954 | H454: 242.11388 | I454: 335.68815 | J454: Measure 4 | K454: CountrySegment
A455: THAILAND__UPSCALE AND UPPER UPSCALE | B455: 8 | C455: 101.13319 | D455: 177.26427 | E455: 311.64972 | F455: 87.656436 | G455: 112.36478 | H455: 130.52338 | I455: 282.25182 | J455: Measure 4 | K455: CountrySegment
A456: CANADA__UPPER MIDSCALE | B456: 8 | C456: 30.26997 | D456: 86.4732 | E456: 201.32051 | F456: 55.105001 | G456: 54.491425 | H456: 68.860168 | I456: 119.9165 | J456: Measure 4 | K456: CountrySegment
A457: COSTA RICA__UPSCALE AND UPPER UPSCALE | B457: 9 | C457: 18.756018 | D457: 39.743926 | E457: 86.012306 | F457: 20.623959 | G457: 24.861276 | H457: 39.468361 | I457: 47.8573 | J457: Measure 4 | K457: CountrySegment
A458: UNITED ARAB EMIRATES__LUXURY | B458: 9 | C458: 55.198582 | D458: 196.76362 | E458: 291.66809 | F458: 79.731526 | G458: 139.2586 | H458: 198.87601 | I458: 281.33682 | J458: Measure 4 | K458: CountrySegment
A459: SAUDI ARABIA__LUXURY | B459: 10 | C459: 225.09045 | D459: 346.44704 | E459: 567.09259 | F459: 113.40657 | G459: 245.47928 | H459: 331.49062 | I459: 435.55066 | J459: Measure 4 | K459: CountrySegment
A460: UNITED ARAB EMIRATES__UPSCALE AND UPPER UPSCALE | B460: 10 | C460: 103.82245 | D460: 229.7309 | E460: 507.67282 | F460: 122.5105 | G460: 126.79741 | H460: 198.7078 | I460: 290.76154 | J460: Measure 4 | K460: CountrySegment
A461: RUSSIAN FEDERATION__UPSCALE AND UPPER UPSCALE | B461: 11 | C461: 101.11043 | D461: 157.76885 | E461: 246.07138 | F461: 45.125544 | G461: 118.00797 | H461: 152.11758 | I461: 191.58804 | J461: Measure 4 | K461: CountrySegment
A462: JAPAN__LUXURY | B462: 12 | C462: 110.37121 | D462: 165.85218 | E462: 257.32361 | F462: 51.84985 | G462: 115.27518 | H462: 157.24955 | I462: 210.86777 | J462: Measure 4 | K462: CountrySegment
... A478: UNITED STATES__UPSCALE AND UPPER UPSCALE | B478: 1704 | C478: 25.328175 | D478: 119.00183 | E478: 545.80499 | F478: 54.47271 | G478: 82.783678 | H478: 110.03 | I478: 143.83391 | J478: Measure 4 | K478: CountrySegment
A479: Grand Total | B479: 2837 | C479: 3.8914757 | D479: 122.8667 | E479: 567.09259 | F479: 62.867477 | G479: #NUM! | H479: #NUM! | I479: #NUM! | J479: #NUM! | K479: CountrySegment
A601: Washington-Arlington-Alexandria, DC-VA-MD-WV__LUXURY | B601: 8 | C601: 102.44269 | D601: 162.12133 | E601: 308.6199 | F601: 64.982315 | G601: 117.29749 | H601: 147.97808 | I601: 178.9086 | J601: Measure 4 | K601: MSASegment
A602: Raleigh, NC__UPSCALE AND UPPER UPSCALE | B602: 8 | C602: 64.034477 | D602: 91.204959 | E602: 111.36009 | F602: 14.25963 | G602: 83.955135 | H602: 92.754013 | I602: 101.92274 | J602: Measure 4 | K602: MSASegment
A603: Tampa-St. Petersburg-Clearwater, FL__UPPER MIDSCALE | B603: 8 | C603: 70.834465 | D603: 108.29125 | E603: 163.26117 | F603: 30.087161 | G603: 83.084381 | H603: 104.91961 | I603: 129.959 | J603: Measure 4 | K603: MSASegment
A604: Birmingham-Hoover, AL__UPSCALE AND UPPER UPSCALE | B604: 8 | C604: 91.535973 | D604: 130.49021 | E604: 219.95348 | F604: 39.862528 | G604: 106.25986 | H604: 120.54605 | I604: 143.38719 | J604: Measure 4 | K604: MSASegment
A605: DUBAI__LUXURY | B605: 8 | C605: 55.198582 | D605: 185.01133 | E605: 291.66809 | F605: 76.450319 | G605: 139.14088 | H605: 186.32921 | I605: 256.45796 | J605: Measure 4 | K605: MSASegment
A606: Memphis, TN-MS-AR__UPSCALE AND UPPER UPSCALE | B606: 8 | C606: 62.650768 | D606: 115.98482 | E606: 198.01376 | F606: 43.280444 | G606: 75.342861 | H606: 119.71385 | I606: 134.04667 | J606: Measure 4 | K606: MSASegment
A607: Oklahoma City, OK__UPSCALE AND UPPER UPSCALE | B607: 8 | C607: 115.80637 | D607: 156.64994 | E607: 273.49478 | F607: 53.092283 | G607: 121.31047 | H607: 135.71969 | I607: 181.7903 | J607: Measure 4 | K607: MSASegment
A608: Lexington-Fayette, KY__UPSCALE AND UPPER UPSCALE | B608: 8 | C608: 97.124771 | D608: 149.35329 | E608: 193.00839 | F608: 34.136796 | G608: 120.41058 | H608: 143.56846 | I608: 182.1848 | J608: Measure 4 | K608: MSASegment
A609: Durham-Chapel Hill, NC__UPSCALE AND UPPER UPSCALE | B609: 8 | C609: 62.632614 | D609: 119.94969 | E609: 198.41968 | F609: 46.684776 | G609: 80.670847 | H609: 108.28261 | I609: 161.12423 | J609: Measure 4 | K609: MSASegment
A610: Atlanta-Sandy Springs-Roswell, GA__UPPER MIDSCALE | B610: 8 | C610: 76.281593 | D610: 108.85478 | E610: 142.12361 | F610: 23.68189 | G610: 92.226658 | H610: 102.57177 | I610: 132.0006 | J610: Measure 4 | K610: MSASegment
A611: Rochester, NY__UPSCALE AND UPPER UPSCALE | B611: 8 | C611: 70.431915 | D611: 103.90819 | E611: 238.74466 | F611: 56.564095 | G611: 70.8606 | H611: 82.752537 | I611: 107.34621 | J611: Measure 4 | K611: MSASegment
A612: Miami-Fort Lauderdale-West Palm Beach, FL__LUXURY | B612: 9 | C612: 95.767967 | D612: 209.25803 | E612: 364.43881 | F612: 96.755936 | G612: 139.98953 | H612: 167.38091 | I612: 315.38504 | J612: Measure 4 | K612: MSASegment
... A665: Washington-Arlington-Alexandria, DC-VA-MD-WV__UPSCALE AND UPPER UPSCALE | B665: 84 | C665: 61.295502 | D665: 112.22791 | E665: 225.50191 | F665: 31.582144 | G665: 92.62669 | H665: 105.95146 | I665: 131.04591 | J665: Measure 4 | K665: MSASegment
A666: Grand Total | B666: 1420 | C666: 25.328175 | D666: 118.34604 | E666: 492.27673 | F666: 52.595244 | G666: #NUM! | H666: #NUM! | I666: #NUM! | J666: #NUM! | K666: MSASegment
A751: NORTHERN MEXICO__UPPER MIDSCALE | B751: 8 | C751: 64.356049 | D751: 156.7744 | E751: 303.4407 | F751: 86.695666 | G751: 80.879679 | H751: 141.98902 | I751: 235.18114 | J751: Measure 4 | K751: RegionSegment
A752: NORTHERN GERMANY__UPSCALE AND UPPER UPSCALE | B752: 10 | C752: 55.768959 | D752: 102.50265 | E752: 149.59323 | F752: 30.684292 | G752: 80.969044 | H752: 95.40361 | I752: 130.66597 | J752: Measure 4 | K752: RegionSegment
A753: SOUTHERN GERMANY__UPSCALE AND UPPER UPSCALE | B753: 12 | C753: 78.641533 | D753: 116.59672 | E753: 154.16763 | F753: 24.112688 | G753: 93.137659 | H753: 118.68362 | I753: 130.56778 | J753: Measure 4 | K753: RegionSegment
A754: N/A__ECONOMY AND MIDSCALE | B754: 15 | C754: 32.578117 | D754: 181.16742 | E754: 314.2215 | F754: 105.67807 | G754: 67.861847 | H754: 185.70009 | I754: 272.02243 | J754: Measure 4 | K754: RegionSegment
A755: Toronto 200KM__UPSCALE AND UPPER UPSCALE | B755: 16 | C755: 36.199699 | D755: 67.049363 | E755: 230.77469 | F755: 46.983213 | G755: 43.626794 | H755: 53.944616 | I755: 67.207235 | J755: Measure 4 | K755: RegionSegment
A756: CARIBBEAN__UPSCALE AND UPPER UPSCALE | B756: 23 | C756: 65.827438 | D756: 205.84099 | E756: 414.81326 | F756: 93.418881 | G756: 161.92052 | H756: 185.97052 | I756: 245.854 | J756: Measure 4 | K756: RegionSegment
A757: N/A__TIMESHARE | B757: 55 | C757: 29.818266 | D757: 96.482848 | E757: 294.01437 | F757: 46.753196 | G757: 63.048164 | H757: 93.538223 | I757: 116.54046 | J757: Measure 4 | K757: RegionSegment
A758: N/A__LUXURY | B758: 244 | C758: 0.9857251 | D758: 189.13251 | E758: 727.43384 | F758: 104.17772 | G758: 121.65959 | H758: 168.01688 | I758: 241.01633 | J758: Measure 4 | K758: RegionSegment
A759: N/A__UPPER MIDSCALE | B759: 611 | C759: 3.1199071 | D759: 115.50565 | E759: 685.81555 | F759: 71.979272 | G759: 76.174736 | H759: 101.11923 | I759: 131.21342 | J759: Measure 4 | K759: RegionSegment
A760: N/A__UPSCALE AND UPPER UPSCALE | B760: 2040 | C760: 3.8914757 | D760: 124.23587 | E760: 867.99554 | F760: 65.777252 | G760: 83.293869 | H760: 113.27557 | I760: 150.90391 | J760: Measure 4 | K760: RegionSegment
A761: Grand Total | B761: 3034 | C761: 0.9857251 | D761: 127.77622 | E761: 867.99554 | F761: 73.831677 | G761: #NUM! | H761: #NUM! | I761: #NUM! | J761: #NUM! | K761: RegionSegment

Sheet ImpM5
A1: Row Labels | B1: Count | C1: Min | D1: Mean | E1: Max | F1: SD | G1: 25th | H1: Median | I1: 75th | J1: Measure | K1: Geography
A2: Albany-Schenectady-Troy, NY | B2: 8 | C2: 43.807991 | D2: 162.67096 | E2: 770.86664 | F2: 246.74747 | G2: 58.761433 | H2: 77.677361 | I2: 106.51088 | J2: Measure 5 | K2: MSA
A3: BANGKOK | B3: 8 | C3: 57.352352 | D3: 160.57394 | E3: 410.83289 | F3: 114.71442 | G3: 78.968281 | H3: 131.20547 | I3: 208.18081 | J3: Measure 5 | K3: MSA
A4: Las Vegas-Henderson-Paradise, NV | B4: 8 | C4: 47.000053 | D4: 141.90221 | E4: 459.79401 | F4: 162.24847 | G4: 54.116976 | H4: 59.117723 | I4: 269.74807 | J4: Measure 5 | K4: MSA
A5: BIRMINGHAM | B5: 8 | C5: 27.959156 | D5: 75.818221 | E5: 152.58652 | F5: 35.591712 | G5: 57.652668 | H5: 71.019173 | I5: 83.055206 | J5: Measure 5 | K5: MSA
A6: Wichita, KS | B6: 8 | C6: 53.142056 | D6: 171.466 | E6: 412.87985 | F6: 142.85742 | G6: 56.902199 | H6: 108.89899 | I6: 322.20566 | J6: Measure 5 | K6: MSA
A7: ISTANBUL | B7: 8 | C7: 52.619923 | D7: 184.69493 | E7: 379.17682 | F7: 126.52533 | G7: 73.093914 | H7: 157.69879 | I7: 322.67056 | J7: Measure 5 | K7: MSA
A8: Raleigh, NC | B8: 9 | C8: 36.332882 | D8: 57.591107 | E8: 86.469467 | F8: 20.559474 | G8: 39.995476 | H8: 48.385254 | I8: 82.163971 | J8: Measure 5 | K8: MSA
A9: JAVA ISLAND INDONESIA | B9: 9 | C9: 120.63063 | D9: 246.07398 | E9: 686.54883 | F9: 173.72752 | G9: 147.87103 | H9: 197.34045 | I9: 264.70991 | J9: Measure 5 | K9: MSA
A10: Durham-Chapel Hill, NC | B10: 9 | C10: 38.949749 | D10: 63.053329 | E10: 102.8977 | F10: 26.926 | G10: 41.477018 | H10: 46.454063 | I10: 94.85918 | J10: Measure 5 | K10: MSA
A11: Oklahoma City, OK | B11: 9 | C11: 40.821472 | D11: 96.333534 | E11: 333.82141 | F11: 94.324623 | G11: 45.490036 | H11: 60.30088 | I11: 113.50559 | J11: Measure 5 | K11: MSA
A12: Lexington-Fayette, KY | B12: 9 | C12: 36.950565 | D12: 69.203249 | E12: 138.97127 | F12: 34.13815 | G12: 47.122751 | H12: 61.08762 | I12: 89.618996 | J12: Measure 5 | K12: MSA
A13: Providence-Warwick, RI-MA | B13: 10 | C13: 44.839428 | D13: 79.792063 | E13: 150.26129 | F13: 32.818538 | G13: 56.370193 | H13: 67.78981 | I13: 98.623291 | J13: Measure 5 | K13: MSA
... A72: Washington-Arlington-Alexandria, DC-VA-MD-WV | B72: 111 | C72: 36.035511 | D72: 154.35458 | E72: 1120.6436 | F72: 224.54239 | G72: 56.689651 | H72: 76.958221 | I72: 135.96318 | J72: Measure 5 | K72: MSA
A73: Grand Total | B73: 1911 | C73: 25.05645 | D73: 130.14292 | E73: 1192.5508 | F73: 170.86401 | G73: #NUM! | H73: #NUM! | I73: #NUM! | J73: #NUM! | K73: MSA
A151: AUSTRIA | B151: 8 | C151: 31.450571 | D151: 84.904891 | E151: 194.55647 | F151: 51.614647 | G151: 51.236864 | H151: 68.2341 | I151: 109.29264 | J151: Measure 5 | K151: Country
A152: SPAIN | B152: 8 | C152: 41.348343 | D152: 175.82578 | E152: 447.37466 | F152: 122.58256 | G152: 89.204161 | H152: 162.95609 | I152: 197.98483 | J152: Measure 5 | K152: Country
A153: ITALY | B153: 8 | C153: 76.425797 | D153: 370.47687 | E153: 690.99408 | F153: 227.14623 | G153: 153.49919 | H153: 355.16 | I153: 594.90804 | J153: Measure 5 | K153: Country
A154: SWITZERLAND | B154: 8 | C154: 26.722221 | D154: 82.332911 | E154: 232.07478 | F154: 69.726219 | G154: 37.268791 | H154: 47.503901 | I154: 120.43006 | J154: Measure 5 | K154: Country
A155: JORDAN | B155: 9 | C155: 75.061691 | D155: 588.1156 | E155: 1064.6195 | F155: 421.32244 | G155: 173.13958 | H155: 720.57025 | I155: 1026.5199 | J155: Measure 5 | K155: Country
A156: BRAZIL | B156: 9 | C156: 28.654285 | D156: 152.14099 | E156: 600.01062 | F156: 172.60639 | G156: 72.939209 | H156: 97.738823 | I156: 153.10143 | J156: Measure 5 | K156: Country
A157: KOREA | B157: 10 | C157: 81.787842 | D157: 199.12522 | E157: 276.01559 | F157: 70.680944 | G157: 147.68471 | H157: 209.6943 | I157: 257.67686 | J157: Measure 5 | K157: Country
A158: COSTA RICA | B158: 10 | C158: 34.312645 | D158: 96.573441 | E158: 203.44859 | F158: 49.195788 | G158: 61.394569 | H158: 88.736797 | I158: 123.5864 | J158: Measure 5 | K158: Country
A159: TURKEY | B159: 10 | C159: 52.619923 | D159: 247.60224 | E159: 630.74933 | F159: 184.07356 | G159: 105.41643 | H159: 180.6937 | I159: 371.8545 | J159: Measure 5 | K159: Country
A160: AUSTRALIA | B160: 12 | C160: 29.147009 | D160: 93.954354 | E160: 182.79471 | F160: 51.62764 | G160: 48.712523 | H160: 85.023773 | I160: 133.8496 | J160: Measure 5 | K160: Country
A161: HONG KONG | B161: 14 | C161: 47.401649 | D161: 142.21522 | E161: 342.03497 | F161: 88.723605 | G161: 72.87635 | H161: 113.37967 | I161: 201.28979 | J161: Measure 5 | K161: Country
A162: INDONESIA | B162: 14 | C162: 82.524574 | D162: 239.42107 | E162: 686.54883 | F162: 175.25575 | G162: 132.97788 | H162: 181.03995 | I162: 251.16037 | J162: Measure 5 | K162: Country
... A175: UNITED STATES | B175: 2404 | C175: 25.435644 | D175: 126.524 | E175: 1221.502 | F175: 176.49401 | G175: 48.470979 | H175: 63.26265 | I175: 107.33214 | J175: Measure 5 | K175: Country
A176: Grand Total | B176: 3082 | C176: 25.025223 | D176: 134.65898 | E176: 1221.502 | F176: 173.91645 | G176: #NUM! | H176: #NUM! | I176: #NUM! | J176: #NUM! | K176: Country
A301: ALBERTA CANADA | B301: 8 | C301: 36.102905 | D301: 135.29742 | E301: 283.00378 | F301: 73.798744 | G301: 98.876398 | H301: 112.65759 | I301: 172.52954 | J301: Measure 5 | K301: Region
A302: MONTREAL MSA | B302: 8 | C302: 51.692516 | D302: 91.734217 | E302: 152.73357 | F302: 33.952333 | G302: 63.76494 | H302: 84.520035 | I302: 119.23685 | J302: Measure 5 | K302: Region
A303: YUCATAN PENINSULA MEXICO | B303: 8 | C303: 93.149582 | D303: 188.22603 | E303: 496.43088 | F303: 137.9265 | G303: 115.71393 | H303: 127.04745 | I303: 249.57948 | J303: Measure 5 | K303: Region
A304: JAVA ISLAND INDONESIA | B304: 9 | C304: 120.63063 | D304: 246.07398 | E304: 686.54883 | F304: 173.72752 | G304: 147.87103 | H304: 197.34045 | I304: 264.70991 | J304: Measure 5 | K304: Region
A305: GUANGDONG CHINA | B305: 10 | C305: 35.964863 | D305: 197.88607 | E305: 278.2157 | F305: 73.724919 | G305: 143.59477 | H305: 228.33443 | I305: 245.00685 | J305: Measure 5 | K305: Region
A306: MAHARASHTRA INDIA | B306: 10 | C306: 78.497757 | D306: 173.7161 | E306: 295.78088 | F306: 79.393112 | G306: 113.73803 | H306: 143.22399 | I306: 257.03503 | J306: Measure 5 | K306: Region
A307: BANGKOK 200KM | B307: 11 | C307: 57.352352 | D307: 162.63523 | E307: 410.83289 | F307: 98.673438 | G307: 98.56321 | H307: 156.99529 | I307: 223.38951 | J307: Measure 5 | K307: Region
A308: BAJIO-CENTRAL MEXICO | B308: 11 | C308: 49.912437 | D308: 212.25432 | E308: 764.3667 | F308: 218.01228 | G308: 57.167648 | H308: 162.31769 | I308: 233.3009 | J308: Measure 5 | K308: Region
A309: NORTHERN MEXICO | B309: 12 | C309: 88.496918 | D309: 258.8592 | E309: 489.82343 | F309: 121.73049 | G309: 171.67811 | H309: 236.12959 | I309: 353.92413 | J309: Measure 5 | K309: Region
A310: SOUTHERN GERMANY | B310: 17 | C310: 41.290855 | D310: 91.359527 | E310: 299.97653 | F310: 70.344398 | G310: 48.307985 | H310: 65.502274 | I310: 105.32798 | J310: Measure 5 | K310: Region
A311: NORTHERN GERMANY | B311: 19 | C311: 29.822695 | D311: 81.410629 | E311: 168.89986 | F311: 35.246919 | G311: 52.782303 | H311: 79.904831 | I311: 108.0275 | J311: Measure 5 | K311: Region
A312: Toronto 200KM | B312: 24 | C312: 69.900917 | D312: 233.76086 | E312: 985.98193 | F312: 248.12008 | G312: 73.760048 | H312: 104.895 | I312: 361.19444 | J312: Measure 5 | K312: Region
... A314: N/A | B314: 3053 | C314: 25.025223 | D314: 138.63492 | E314: 1221.502 | F314: 182.01256 | G314: 50.26469 | H314: 70.575478 | I314: 131.97245 | J314: Measure 5 | K314: Region
A315: Grand Total | B315: 3231 | C315: 25.025223 | D315: 140.72434 | E315: 1221.502 | F315: 181.69395 | G315: #NUM! | H315: #NUM! | I315: #NUM! | J315: #NUM! | K315: Region
A451: GERMANY__LUXURY | B451: 8 | C451: 99.914627 | D451: 158.21554 | E451: 299.97653 | F451: 69.371382 | G451: 113.1662 | H451: 122.82415 | I451: 207.52788 | J451: Measure 5 | K451: CountrySegment
A452: CHINA__UPPER MIDSCALE | B452: 8 | C452: 35.964863 | D452: 190.82805 | E452: 546.62042 | F452: 184.9818 | G452: 42.527972 | H452: 119.80004 | I452: 339.66753 | J452: Measure 5 | K452: CountrySegment
A453: SAUDI ARABIA__LUXURY | B453: 8 | C453: 208.11852 | D453: 435.07542 | E453: 1085.9376 | F453: 334.95727 | G453: 230.69973 | H453: 277.77786 | I453: 712.46724 | J453: Measure 5 | K453: CountrySegment
A454: INDONESIA__LUXURY | B454: 9 | C454: 161.70551 | D454: 303.69063 | E454: 686.54883 | F454: 191.07525 | G454: 181.03995 | H454: 223.2785 | I454: 432.32585 | J454: Measure 5 | K454: CountrySegment
A455: COSTA RICA__UPSCALE AND UPPER UPSCALE | B455: 9 | C455: 34.312645 | D455: 91.32075 | E455: 203.44859 | F455: 49.115758 | G455: 60.569641 | H455: 81.781685 | I455: 110.08079 | J455: Measure 5 | K455: CountrySegment
A456: UNITED ARAB EMIRATES__LUXURY | B456: 9 | C456: 166.4133 | D456: 283.34123 | E456: 482.93567 | F456: 109.9977 | G456: 194.60802 | H456: 251.9812 | I456: 384.54935 | J456: Measure 5 | K456: CountrySegment
A457: THAILAND__UPSCALE AND UPPER UPSCALE | B457: 9 | C457: 57.352352 | D457: 119.20298 | E457: 177.1017 | F457: 40.262999 | G457: 85.499924 | H457: 123.0471 | I457: 157.56343 | J457: Measure 5 | K457: CountrySegment
A458: UNITED ARAB EMIRATES__UPSCALE AND UPPER UPSCALE | B458: 11 | C458: 86.648453 | D458: 236.51123 | E458: 417.047 | F458: 116.3743 | G458: 131.3322 | H458: 200.95404 | I458: 375.09 | J458: Measure 5 | K458: CountrySegment
A459: RUSSIAN FEDERATION__UPSCALE AND UPPER UPSCALE | B459: 11 | C459: 98.784424 | D459: 153.42121 | E459: 261.31848 | F459: 51.466377 | G459: 106.35304 | H459: 139.59442 | I459: 196.3493 | J459: Measure 5 | K459: CountrySegment
A460: JAPAN__LUXURY | B460: 12 | C460: 60.247124 | D460: 208.33308 | E460: 474.27551 | F460: 123.65255 | G460: 95.617868 | H460: 210.64978 | I460: 285.29957 | J460: Measure 5 | K460: CountrySegment
A461: CANADA__UPPER MIDSCALE | B461: 13 | C461: 36.102905 | D461: 222.90449 | E461: 726.92719 | F461: 232.67166 | G461: 64.848219 | H461: 105.02995 | I461: 441.59447 | J461: Measure 5 | K461: CountrySegment
A462: JAPAN__UPSCALE AND UPPER UPSCALE | B462: 16 | C462: 45.440937 | D462: 132.35586 | E462: 253.09077 | F462: 70.629374 | G462: 75.599039 | H462: 101.19453 | I462: 204.30352 | J462: Measure 5 | K462: CountrySegment
... A477: UNITED STATES__UPSCALE AND UPPER UPSCALE | B477: 1729 | C477: 29.087242 | D477: 99.035117 | E477: 1207.9475 | F477: 126.27784 | G477: 50.676353 | H477: 63.78809 | I477: 97.19141 | J477: Measure 5 | K477: CountrySegment
A478: Grand Total | B478: 2918 | C478: 25.025223 | D478: 130.57205 | E478: 1221.502 | F478: 171.17719 | G478: #NUM! | H478: #NUM! | I478: #NUM! | J478: #NUM! | K478: CountrySegment
A601: Sacramento--Roseville--Arden-Arcade, CA__UPSCALE AND UPPER UPSCALE | B601: 8 | C601: 36.873817 | D601: 58.004971 | E601: 79.297264 | F601: 14.903493 | G601: 43.880692 | H601: 59.029778 | I601: 71.549749 | J601: Measure 5 | K601: MSASegment
A602: Dallas-Fort Worth-Arlington, TX__ECONOMY AND MIDSCALE | B602: 8 | C602: 289.25909 | D602: 503.35455 | E602: 1192.5508 | F602: 321.20606 | G602: 323.62698 | H602: 356.51987 | I602: 690.1132 | J602: Measure 5 | K602: MSASegment
A603: TORONTO__UPSCALE AND UPPER UPSCALE | B603: 8 | C603: 69.900917 | D603: 122.35293 | E603: 350.63754 | F603: 94.387375 | G603: 72.720854 | H603: 91.366276 | I603: 119.93217 | J603: Measure 5 | K603: MSASegment
A604: Lexington-Fayette, KY__UPSCALE AND UPPER UPSCALE | B604: 8 | C604: 46.357605 | D604: 73.234834 | E604: 138.97127 | F604: 34.127997 | G604: 48.581431 | H604: 61.380939 | I604: 101.55264 | J604: Measure 5 | K604: MSASegment
A605: Washington-Arlington-Alexandria, DC-VA-MD-WV__LUXURY | B605: 8 | C605: 76.958221 | D605: 167.97352 | E605: 292.13483 | F605: 68.336034 | G605: 103.45329 | H605: 171.34935 | I605: 202.16846 | J605: Measure 5 | K605: MSASegment
A606: Raleigh, NC__UPSCALE AND UPPER UPSCALE | B606: 8 | C606: 36.332882 | D606: 59.611622 | E606: 86.469467 | F606: 21.00203 | G606: 40.074544 | H606: 53.296225 | I606: 83.334892 | J606: Measure 5 | K606: MSASegment
A607: DUBAI__LUXURY | B607: 8 | C607: 166.4133 | D607: 273.29082 | E607: 482.93567 | F607: 113.08858 | G607: 193.69332 | H607: 231.68114 | I607: 373.77691 | J607: Measure 5 | K607: MSASegment
A608: Memphis, TN-MS-AR__UPSCALE AND UPPER UPSCALE | B608: 8 | C608: 40.504818 | D608: 61.946109 | E608: 91.187653 | F608: 15.5661 | G608: 51.710885 | H608: 60.529915 | I608: 69.908493 | J608: Measure 5 | K608: MSASegment
A609: Rochester, NY__UPSCALE AND UPPER UPSCALE | B609: 8 | C609: 66.920822 | D609: 156.85598 | E609: 612.24341 | F609: 185.20617 | G609: 72.205141 | H609: 97.506805 | I609: 116.63774 | J609: Measure 5 | K609: MSASegment
A610: Charleston-North Charleston, SC__UPSCALE AND UPPER UPSCALE | B610: 8 | C610: 41.340157 | D610: 58.586372 | E610: 92.872086 | F610: 18.154965 | G610: 43.633148 | H610: 52.929224 | I610: 73.029993 | J610: Measure 5 | K610: MSASegment
A611: Savannah, GA__UPSCALE AND UPPER UPSCALE | B611: 8 | C611: 39.459274 | D611: 71.360868 | E611: 155.80118 | F611: 40.619904 | G611: 43.191319 | H611: 51.234646 | I611: 97.340639 | J611: Measure 5 | K611: MSASegment
A612: Providence-Warwick, RI-MA__UPSCALE AND UPPER UPSCALE | B612: 9 | C612: 44.839428 | D612: 81.23487 | E612: 150.26129 | F612: 34.471285 | G612: 55.775589 | H612: 68.77282 | I612: 104.71673 | J612: Measure 5 | K612: MSASegment
... A669: Washington-Arlington-Alexandria, DC-VA-MD-WV__UPSCALE AND UPPER UPSCALE | B669: 88 | C669: 37.125492 | D669: 120.9598 | E669: 1091.6235 | F669: 167.49391 | G669: 59.309125 | H669: 71.768345 | I669: 101.1827 | J669: Measure 5 | K669: MSASegment
A670: Grand Total | B670: 1481 | C670: 25.05645 | D670: 110.3938 | E670: 1192.5508 | F670: 149.95534 | G670: #NUM! | H670: #NUM! | I670: #NUM! | J670: #NUM! | K670: MSASegment
A751: NORTHERN MEXICO__UPPER MIDSCALE | B751: 9 | C751: 88.496918 | D751: 223.43319 | E751: 416.24866 | F751: 104.95962 | G751: 133.62429 | H751: 213.22383 | I751: 299.00266 | J751: Measure 5 | K751: RegionSegment
A752: NORTHERN GERMANY__UPSCALE AND UPPER UPSCALE | B752: 10 | C752: 35.366241 | D752: 73.338066 | E752: 108.0275 | F752: 22.86046 | G752: 52.016426 | H752: 77.764431 | I752: 86.89732 | J752: Measure 5 | K752: RegionSegment
A753: SOUTHERN GERMANY__UPSCALE AND UPPER UPSCALE | B753: 12 | C753: 41.290855 | D753: 64.708026 | E753: 135.15685 | F753: 27.093577 | G753: 44.925919 | H753: 53.596119 | I753: 81.526106 | J753: Measure 5 | K753: RegionSegment
A754: Toronto 200KM__UPSCALE AND UPPER UPSCALE | B754: 16 | C754: 69.900917 | D754: 123.10035 | E754: 380.77582 | F754: 96.913525 | G754: 73.276024 | H754: 81.756493 | I754: 119.93217 | J754: Measure 5 | K754: RegionSegment
A755: CARIBBEAN__UPSCALE AND UPPER UPSCALE | B755: 24 | C755: 57.656239 | D755: 119.37624 | E755: 272.05148 | F755: 50.516578 | G755: 81.631357 | H755: 106.49358 | I755: 152.15578 | J755: Measure 5 | K755: RegionSegment
A756: N/A__TIMESHARE | B756: 27 | C756: 50.699539 | D756: 128.20198 | E756: 404.71851 | F756: 79.127799 | G756: 78.904877 | H756: 108.92165 | I756: 143.31793 | J756: Measure 5 | K756: RegionSegment
A757: N/A__ECONOMY AND MIDSCALE | B757: 74 | C757: 25.436274 | D757: 362.14105 | E757: 1192.5508 | F757: 151.27732 | G757: 297.14658 | H757: 335.32686 | I757: 400.57427 | J757: Measure 5 | K757: RegionSegment
A758: N/A__LUXURY | B758: 249 | C758: 55.919254 | D758: 265.42436 | E758: 1180.424 | F758: 220.33139 | G758: 135.34207 | H758: 203.96884 | I758: 294.84743 | J758: Measure 5 | K758: RegionSegment
A759: N/A__UPPER MIDSCALE | B759: 645 | C759: 25.025223 | D759: 160.07439 | E759: 1221.502 | F759: 249.74244 | G759: 40.738319 | H759: 49.836288 | I759: 87.236523 | J759: Measure 5 | K759: RegionSegment
A760: N/A__UPSCALE AND UPPER UPSCALE | B760: 2056 | C760: 29.087242 | D760: 108.73971 | E760: 1207.9475 | F760: 134.56853 | G760: 52.324561 | H760: 68.460117 | I760: 108.33898 | J760: Measure 5 | K760: RegionSegment
A761: Grand Total | B761: 3122 | C761: 25.025223 | D761: 138.21998 | E761: 1221.502 | F761: 180.4044 | G761: #NUM! | H761: #NUM! | I761: #NUM! | J761: #NUM! | K761: RegionSegment

Sheet ImpM6
A1: Row Labels | B1: Count | C1: Min | D1: Mean | E1: Max | F1: SD | G1: 25th | H1: Median | I1: 75th | J1: Measure | K1: Geography
A2: Knoxville, TN | B2: 8 | C2: 177.38025 | D2: 446.50014 | E2: 1217.0597 | F2: 381.42235 | G2: 218.67192 | H2: 267.56749 | I2: 729.47654 | J2: Measure 6 | K2: MSA
A3: Montgomery, AL | B3: 8 | C3: 109.93546 | D3: 270.4896 | E3: 557.33679 | F3: 149.30052 | G3: 184.80232 | H3: 217.14272 | I3: 389.58522 | J3: Measure 6 | K3: MSA
A4: Dayton, OH | B4: 8 | C4: 213.29135 | D4: 334.56869 | E4: 668.28485 | F4: 147.03584 | G4: 237.40207 | H4: 298.99248 | I4: 380.08146 | J4: Measure 6 | K4: MSA
A5: Greensboro-High Point, NC | B5: 8 | C5: 96.06601 | D5: 306.1984 | E5: 685.84241 | F5: 187.9872 | G5: 159.45303 | H5: 268.47189 | I5: 397.71194 | J5: Measure 6 | K5: MSA
A6: Albany-Schenectady-Troy, NY | B6: 8 | C6: 195.13519 | D6: 290.77392 | E6: 451.88611 | F6: 91.882133 | G6: 221.66654 | H6: 250.25784 | I6: 370.76911 | J6: Measure 6 | K6: MSA
A7: BANGKOK | B7: 8 | C7: 204.47739 | D7: 342.55923 | E7: 585.88434 | F7: 135.48452 | G7: 226.21286 | H7: 299.8194 | I7: 463.60331 | J7: Measure 6 | K7: MSA
A8: MONTREAL | B8: 8 | C8: 297.56339 | D8: 498.60466 | E8: 996.66675 | F8: 229.86398 | G8: 350.58418 | H8: 423.21744 | I8: 616.97082 | J8: Measure 6 | K8: MSA
A9: BIRMINGHAM | B9: 8 | C9: 153.48843 | D9: 504.34178 | E9: 1465.7301 | F9: 418.20593 | G9: 257.74483 | H9: 369.42117 | I9: 582.54344 | J9: Measure 6 | K9: MSA
A10: SAO PAULO | B10: 8 | C10: 236.4547 | D10: 487.98462 | E10: 1295.2732 | F10: 340.26043 | G10: 295.51657 | H10: 396.73073 | I10: 508.23956 | J10: Measure 6 | K10: MSA
A11: DOHA | B11: 8 | C11: 104.75034 | D11: 407.87985 | E11: 1124.6052 | F11: 337.77881 | G11: 154.75112 | H11: 325.53795 | I11: 585.37741 | J11: Measure 6 | K11: MSA
A12: Albuquerque, NM | B12: 9 | C12: 173.88251 | D12: 289.35709 | E12: 522.55316 | F12: 128.39881 | G12: 184.21684 | H12: 216.80118 | I12: 402.14561 | J12: Measure 6 | K12: MSA
A13: Raleigh, NC | B13: 9 | C13: 174.03853 | D13: 240.10042 | E13: 289.09763 | F13: 36.463449 | G13: 217.75058 | H13: 238.18774 | I13: 274.09212 | J13: Measure 6 | K13: MSA
... A76: Washington-Arlington-Alexandria, DC-VA-MD-WV | B76: 103 | C76: 118.97184 | D76: 317.46773 | E76: 930.07489 | F76: 121.62703 | G76: 232.94513 | H76: 286.37936 | I76: 369.92993 | J76: Measure 6 | K76: MSA
A77: Grand Total | B77: 1849 | C77: 94.783234 | D77: 323.23886 | E77: 1487.6547 | F77: 160.25611 | G77: #NUM! | H77: #NUM! | I77: #NUM! | J77: #NUM! | K77: MSA
A151: EGYPT | B151: 8 | C151: 326.31525 | D151: 584.86275 | E151: 1309.126 | F151: 335.39164 | G151: 344.57376 | H151: 444.91087 | I151: 764.21782 | J151: Measure 6 | K151: Country
A152: SPAIN | B152: 8 | C152: 129.27927 | D152: 484.53145 | E152: 1437.8835 | F152: 396.59677 | G152: 342.33752 | H152: 390.31122 | I152: 420.87041 | J152: Measure 6 | K152: Country
A153: QATAR | B153: 9 | C153: 104.75034 | D153: 394.96153 | E153: 1124.6052 | F153: 318.33105 | G153: 168.25039 | H153: 291.61496 | I153: 523.05328 | J153: Measure 6 | K153: Country
A154: TURKEY | B154: 9 | C154: 206.57004 | D154: 495.96012 | E154: 1313.906 | F154: 389.46426 | G154: 238.11406 | H154: 306.35934 | I154: 772.05325 | J154: Measure 6 | K154: Country
A155: MALAYSIA | B155: 10 | C155: 241.78802 | D155: 473.69212 | E155: 1318.6499 | F155: 318.37136 | G155: 270.18158 | H155: 378.82343 | I155: 552.47281 | J155: Measure 6 | K155: Country
A156: KOREA | B156: 10 | C156: 201.51443 | D156: 511.02563 | E156: 946.1756 | F156: 216.60635 | G156: 358.73242 | H156: 497.563 | I156: 628.29179 | J156: Measure 6 | K156: Country
A157: BRAZIL | B157: 10 | C157: 236.4547 | D157: 450.18479 | E157: 1295.2732 | F157: 310.49775 | G157: 292.05614 | H157: 327.60532 | I157: 470.37457 | J157: Measure 6 | K157: Country
A158: COSTA RICA | B158: 10 | C158: 163.38683 | D158: 342.02927 | E158: 636.59747 | F158: 145.50335 | G158: 220.69955 | H158: 311.23361 | I158: 449.35358 | J158: Measure 6 | K158: Country
A159: SWITZERLAND | B159: 10 | C159: 105.31581 | D159: 309.40271 | E159: 741.73895 | F159: 234.86509 | G159: 164.51322 | H159: 195.76276 | I159: 506.69537 | J159: Measure 6 | K159: Country
A160: AUSTRIA | B160: 11 | C160: 84.952332 | D160: 308.413 | E160: 553.68146 | F160: 131.82441 | G160: 220.97757 | H160: 299.69409 | I160: 421.60638 | J160: Measure 6 | K160: Country
A161: AUSTRALIA | B161: 12 | C161: 189.9034 | D161: 305.34869 | E161: 468.63727 | F161: 102.95504 | G161: 209.46561 | H161: 266.29185 | I161: 406.17844 | J161: Measure 6 | K161: Country
A162: INDONESIA | B162: 13 | C162: 302.48212 | D162: 407.11675 | E162: 558.67963 | F162: 84.371256 | G162: 332.52414 | H162: 394.37415 | I162: 462.57129 | J162: Measure 6 | K162: Country
... A176: UNITED STATES | B176: 2309 | C176: 85.601479 | D176: 309.35714 | E176: 1493.6742 | F176: 152.4563 | G176: 224.16158 | H176: 268.49527 | I176: 348.592 | J176: Measure 6 | K176: Country
A177: Grand Total | B177: 3011 | C177: 84.324242 | D177: 333.34214 | E177: 1493.6742 | F177: 180.05957 | G177: #NUM! | H177: #NUM! | I177: #NUM! | J177: #NUM! | K177: Country
A301: ALBERTA CANADA | B301: 8 | C301: 156.34502 | D301: 370.93073 | E301: 538.42657 | F301: 135.0389 | G301: 235.19762 | H301: 398.85611 | I301: 478.74261 | J301: Measure 6 | K301: Region
A302: JAVA ISLAND INDONESIA | B302: 9 | C302: 309.3269 | D302: 409.07345 | E302: 558.67963 | F302: 90.434458 | G302: 332.52414 | H302: 394.37415 | I302: 485.54776 | J302: Measure 6 | K302: Region
A303: MONTREAL MSA | B303: 9 | C303: 192.85547 | D303: 464.63252 | E303: 996.66675 | F303: 237.94899 | G303: 320.55977 | H303: 412.09543 | I303: 566.47392 | J303: Measure 6 | K303: Region
A304: BANGKOK 200KM | B304: 10 | C304: 204.47739 | D304: 334.27173 | E304: 585.88434 | F304: 121.07064 | G304: 251.73967 | H304: 299.8194 | I304: 408.91747 | J304: Measure 6 | K304: Region
A305: BAJIO-CENTRAL MEXICO | B305: 10 | C305: 114.99345 | D305: 432.31909 | E305: 963.84985 | F305: 250.8116 | G305: 195.85865 | H305: 455.25621 | I305: 568.43564 | J305: Measure 6 | K305: Region
A306: MAHARASHTRA INDIA | B306: 10 | C306: 198.68054 | D306: 341.81752 | E306: 574.3689 | F306: 109.30902 | G306: 257.40424 | H306: 331.08539 | I306: 401.5186 | J306: Measure 6 | K306: Region
A307: GUANGDONG CHINA | B307: 11 | C307: 212.49408 | D307: 344.65859 | E307: 620.42639 | F307: 122.24962 | G307: 250.7543 | H307: 302.91125 | I307: 414.12448 | J307: Measure 6 | K307: Region
A308: NORTHERN MEXICO | B308: 11 | C308: 271.58276 | D308: 598.13909 | E308: 1066.3563 | F308: 283.41622 | G308: 302.41318 | H308: 552.177 | I308: 845.28845 | J308: Measure 6 | K308: Region
A309: SOUTHERN GERMANY | B309: 17 | C309: 214.46342 | D309: 360.85546 | E309: 555.47919 | F309: 90.814297 | G309: 289.19926 | H309: 350.47623 | I309: 406.61203 | J309: Measure 6 | K309: Region
A310: NORTHERN GERMANY | B310: 19 | C310: 165.3913 | D310: 315.27182 | E310: 604.23572 | F310: 109.19561 | G310: 231.50606 | H310: 301.49591 | I310: 367.1684 | J310: Measure 6 | K310: Region
A311: Toronto 200KM | B311: 22 | C311: 171.91812 | D311: 429.65916 | E311: 1298.536 | F311: 281.4473 | G311: 264.40724 | H311: 350.62271 | I311: 449.55668 | J311: Measure 6 | K311: Region
A312: CARIBBEAN | B312: 28 | C312: 236.64651 | D312: 452.97303 | E312: 1148.5912 | F312: 198.84801 | G312: 331.8186 | H312: 398.63113 | I312: 475.11112 | J312: Measure 6 | K312: Region
A313: N/A | B313: 2969 | C313: 84.324242 | D313: 336.60853 | E313: 1493.6742 | F313: 189.38154 | G313: 229.06578 | H313: 281.91779 | I313: 382.48984 | J313: Measure 6 | K313: Region
A314: Grand Total | B314: 3133 | C314: 84.324242 | D314: 340.22881 | E314: 1493.6742 | F314: 190.38748 | G314: #NUM! | H314: #NUM! | I314: #NUM! | J314: #NUM! | K314: Region
A451: INDIA__LUXURY | B451: 8 | C451: 189.21773 | D451: 425.01897 | E451: 720.51465 | F451: 165.54505 | G451: 307.2662 | H451: 395.15417 | I451: 548.98553 | J451: Measure 6 | K451: CountrySegment
A452: AUSTRIA__UPSCALE AND UPPER UPSCALE | B452: 8 | C452: 197.12479 | D452: 329.86648 | E452: 553.68146 | F452: 128.96154 | G452: 223.74986 | H452: 288.72755 | I452: 432.41647 | J452: Measure 6 | K452: CountrySegment
A453: GERMANY__LUXURY | B453: 8 | C453: 264.55548 | D453: 370.6606 | E453: 520.37579 | F453: 82.410631 | G453: 318.90521 | H453: 351.23119 | I453: 438.67683 | J453: Measure 6 | K453: CountrySegment
A454: INDONESIA__LUXURY | B454: 8 | C454: 349.73648 | D454: 440.45475 | E454: 558.67963 | F454: 82.018644 | G454: 373.38453 | H454: 409.67801 | I454: 533.68977 | J454: Measure 6 | K454: CountrySegment
A455: THAILAND__UPSCALE AND UPPER UPSCALE | B455: 8 | C455: 204.47739 | D455: 382.00838 | E455: 681.86481 | F455: 191.07643 | G455: 226.21286 | H455: 285.5033 | I455: 595.1012 | J455: Measure 6 | K455: CountrySegment
A456: CANADA__UPPER MIDSCALE | B456: 8 | C456: 156.34502 | D456: 478.19964 | E456: 1145.5128 | F456: 306.62225 | G456: 297.61061 | H456: 394.69058 | I456: 612.52849 | J456: Measure 6 | K456: CountrySegment
A457: COSTA RICA__UPSCALE AND UPPER UPSCALE | B457: 9 | C457: 163.38683 | D457: 330.2654 | E457: 636.59747 | F457: 149.20039 | G457: 220.54999 | H457: 304.71896 | I457: 435.72174 | J457: Measure 6 | K457: CountrySegment
A458: UNITED ARAB EMIRATES__LUXURY | B458: 9 | C458: 105.55676 | D458: 404.33432 | E458: 771.20898 | F458: 196.34186 | G458: 256.20427 | H458: 403.53174 | I458: 538.03206 | J458: Measure 6 | K458: CountrySegment
A459: SAUDI ARABIA__LUXURY | B459: 10 | C459: 353.46573 | D459: 715.90461 | E459: 1464.9795 | F459: 401.35124 | G459: 366.12037 | H459: 548.01126 | I459: 1023.7091 | J459: Measure 6 | K459: CountrySegment
A460: UNITED ARAB EMIRATES__UPSCALE AND UPPER UPSCALE | B460: 10 | C460: 172.9301 | D460: 500.23899 | E460: 1296.4022 | F460: 348.34919 | G460: 221.82354 | H460: 347.30731 | I460: 713.6123 | J460: Measure 6 | K460: CountrySegment
A461: RUSSIAN FEDERATION__UPSCALE AND UPPER UPSCALE | B461: 11 | C461: 319.90399 | D461: 503.04457 | E461: 730.49481 | F461: 139.43847 | G461: 378.81271 | H461: 508.7959 | I461: 620.59534 | J461: Measure 6 | K461: CountrySegment
A462: JAPAN__LUXURY | B462: 12 | C462: 242.57314 | D462: 413.19542 | E462: 731.43347 | F462: 169.14384 | G462: 260.24403 | H462: 359.33424 | I462: 566.24744 | J462: Measure 6 | K462: CountrySegment
... A478: UNITED STATES__UPSCALE AND UPPER UPSCALE | B478: 1704 | C478: 99.533981 | D478: 311.49544 | E478: 1419.9875 | F478: 134.1245 | G478: 231.87478 | H478: 277.22974 | I478: 355.24513 | J478: Measure 6 | K478: CountrySegment
A479: Grand Total | B479: 2837 | C479: 84.324242 | D479: 325.87162 | E479: 1493.6742 | F479: 168.23538 | G479: #NUM! | H479: #NUM! | I479: #NUM! | J479: #NUM! | K479: CountrySegment
A601: Washington-Arlington-Alexandria, DC-VA-MD-WV__LUXURY | B601: 8 | C601: 276.17276 | D601: 480.32411 | E601: 930.07489 | F601: 213.04157 | G601: 328.66031 | H601: 416.99429 | I601: 585.10861 | J601: Measure 6 | K601: MSASegment
A602: Raleigh, NC__UPSCALE AND UPPER UPSCALE | B602: 8 | C602: 174.03853 | D602: 240.33951 | E602: 289.09763 | F602: 38.973524 | G602: 214.0515 | H602: 237.94725 | I602: 281.46482 | J602: Measure 6 | K602: MSASegment
A603: Tampa-St. Petersburg-Clearwater, FL__UPPER MIDSCALE | B603: 8 | C603: 175.83331 | D603: 254.63444 | E603: 431.97424 | F603: 81.113433 | G603: 205.98573 | H603: 225.44248 | I603: 291.12182 | J603: Measure 6 | K603: MSASegment
A604: Birmingham-Hoover, AL__UPSCALE AND UPPER UPSCALE | B604: 8 | C604: 190.52989 | D604: 288.94194 | E604: 558.0705 | F604: 121.35378 | G604: 197.29622 | H604: 264.5919 | I604: 333.79734 | J604: Measure 6 | K604: MSASegment
A605: DUBAI__LUXURY | B605: 8 | C605: 105.55676 | D605: 382.69799 | E605: 771.20898 | F605: 198.09652 | G605: 249.95237 | H605: 384.67281 | I605: 475.08561 | J605: Measure 6 | K605: MSASegment
A606: Memphis, TN-MS-AR__UPSCALE AND UPPER UPSCALE | B606: 8 | C606: 136.57245 | D606: 234.84827 | E606: 406.83591 | F606: 85.49108 | G606: 162.72213 | H606: 215.86221 | I606: 273.88146 | J606: Measure 6 | K606: MSASegment
A607: Oklahoma City, OK__UPSCALE AND UPPER UPSCALE | B607: 8 | C607: 202.35179 | D607: 332.6287 | E607: 687.39996 | F607: 155.50234 | G607: 237.40393 | H607: 275.1853 | I607: 371.13667 | J607: Measure 6 | K607: MSASegment
A608: Lexington-Fayette, KY__UPSCALE AND UPPER UPSCALE | B608: 8 | C608: 210.50229 | D608: 314.19123 | E608: 422.59128 | F608: 79.104697 | G608: 249.34552 | H608: 296.63776 | I608: 395.12724 | J608: Measure 6 | K608: MSASegment
A609: Durham-Chapel Hill, NC__UPSCALE AND UPPER UPSCALE | B609: 8 | C609: 172.78688 | D609: 314.57096 | E609: 477.40375 | F609: 110.38262 | G609: 216.67638 | H609: 289.96825 | I609: 419.97406 | J609: Measure 6 | K609: MSASegment
A610: Atlanta-Sandy Springs-Roswell, GA__UPPER MIDSCALE | B610: 8 | C610: 167.1694 | D610: 241.08369 | E610: 338.32278 | F610: 54.019112 | G610: 201.16137 | H610: 232.65161 | I610: 278.41481 | J610: Measure 6 | K610: MSASegment
A611: Rochester, NY__UPSCALE AND UPPER UPSCALE | B611: 8 | C611: 307.28705 | D611: 500.73925 | E611: 1288.5676 | F611: 328.09684 | G611: 319.07143 | H611: 378.50769 | I611: 508.79182 | J611: Measure 6 | K611: MSASegment
A612: Miami-Fort Lauderdale-West Palm Beach, FL__LUXURY | B612: 9 | C612: 205.79085 | D612: 497.69897 | E612: 882.55194 | F612: 235.64624 | G612: 321.21126 | H612: 427.87485 | I612: 738.91373 | J612: Measure 6 | K612: MSASegment
... A665: Washington-Arlington-Alexandria, DC-VA-MD-WV__UPSCALE AND UPPER UPSCALE | B665: 84 | C665: 172.04701 | D665: 311.96736 | E665: 617.05023 | F665: 98.578604 | G665: 236.62187 | H665: 286.38451 | I665: 369.69875 | J665: Measure 6 | K665: MSASegment
A666: Grand Total | B666: 1420 | C666: 94.783234 | D666: 314.87534 | E666: 1419.9875 | F666: 138.20827 | G666: #NUM! | H666: #NUM! | I666: #NUM! | J666: #NUM! | K666: MSASegment
A751: NORTHERN MEXICO__UPPER MIDSCALE | B751: 8 | C751: 271.58276 | D751: 587.74669 | E751: 1066.3563 | F751: 319.06459 | G751: 295.48181 | H751: 523.63754 | I751: 944.74927 | J751: Measure 6 | K751: RegionSegment
A752: NORTHERN GERMANY__UPSCALE AND UPPER UPSCALE | B752: 10 | C752: 165.3913 | D752: 292.84667 | E752: 439.15384 | F752: 93.113402 | G752: 215.00466 | H752: 287.16933 | I752: 375.18243 | J752: Measure 6 | K752: RegionSegment
A753: SOUTHERN GERMANY__UPSCALE AND UPPER UPSCALE | B753: 12 | C753: 214.46342 | D753: 338.82843 | E753: 459.62311 | F753: 71.403994 | G753: 277.50954 | H753: 346.06688 | I753: 395.23905 | J753: Measure 6 | K753: RegionSegment
A754: N/A__ECONOMY AND MIDSCALE | B754: 15 | C754: 93.808327 | D754: 796.89047 | E754: 1487.6547 | F754: 571.30928 | G754: 162.21283 | H754: 952.91803 | I754: 1402.842 | J754: Measure 6 | K754: RegionSegment
A755: Toronto 200KM__UPSCALE AND UPPER UPSCALE | B755: 16 | C755: 225.03423 | D755: 414.44396 | E755: 1298.536 | F755: 258.68632 | G755: 273.82201 | H755: 345.24205 | I755: 417.24654 | J755: Measure 6 | K755: RegionSegment
A756: CARIBBEAN__UPSCALE AND UPPER UPSCALE | B756: 23 | C756: 236.64651 | D756: 445.24148 | E756: 1148.5912 | F756: 194.63934 | G756: 330.31732 | H756: 393.7821 | I756: 484.73965 | J756: Measure 6 | K756: RegionSegment
A757: N/A__TIMESHARE | B757: 55 | C757: 92.071533 | D757: 274.12912 | E757: 790.69214 | F757: 124.33457 | G757: 187.16345 | H757: 243.13245 | I757: 343.14709 | J757: Measure 6 | K757: RegionSegment
A758: N/A__LUXURY | B758: 244 | C758: 105.55676 | D758: 482.66799 | E758: 1464.9795 | F758: 256.13004 | G758: 320.56482 | H758: 413.83867 | I758: 561.77135 | J758: Measure 6 | K758: RegionSegment
A759: N/A__UPPER MIDSCALE | B759: 611 | C759: 84.952332 | D759: 297.20664 | E759: 1493.6742 | F759: 202.81675 | G759: 201.92838 | H759: 240.73105 | I759: 299.74741 | J759: Measure 6 | K759: RegionSegment
A760: N/A__UPSCALE AND UPPER UPSCALE | B760: 2040 | C760: 84.324242 | D760: 329.46131 | E760: 1476.6604 | F760: 157.06414 | G760: 235.1819 | H760: 287.46141 | I760: 376.82932 | J760: Measure 6 | K760: RegionSegment
A761: Grand Total | B761: 3034 | C761: 84.324242 | D761: 338.51807 | E761: 1493.6742 | F761: 190.40105 | G761: #NUM! | H761: #NUM! | I761: #NUM! | J761: #NUM! | K761: RegionSegment

Sheet ImpM7
A1: Row Labels | B1: Count | C1: Min | D1: Mean | E1: Max | F1: SD | G1: 25th | H1: Median | I1: 75th | J1: Measure | K1: Geography
A2: TORONTO | B2: 8 | C2: 0.0099177282 | D2: 0.015618795 | E2: 0.025611802 | F2: 0.0050025532 | G2: 0.011167568 | H2: 0.014994088 | I2: 0.018156737 | J2: Measure 7 | K2: MSA
A3: Tucson, AZ | B3: 8 | C3: 0.018302319 | D3: 0.03236957 | E3: 0.047689549 | F3: 0.010674983 | G3: 0.025722007 | H3: 0.0277697 | I3: 0.044632557 | J3: Measure 7 | K3: MSA
A4: Las Vegas-Henderson-Paradise, NV | B4: 8 | C4: 0.019745356 | D4: 0.026809409 | E4: 0.044327709 | F4: 0.0077404166 | G4: 0.021608809 | H4: 0.024281335 | I4: 0.028706802 | J4: Measure 7 | K4: MSA
A5: Albuquerque, NM | B5: 8 | C5: 0.017917601 | D5: 0.030717007 | E5: 0.048244713 | F5: 0.010869093 | G5: 0.02083364 | H5: 0.029938402 | I5: 0.039751286 | J5: Measure 7 | K5: MSA
A6: Oklahoma City, OK | B6: 8 | C6: 0.03172777 | D6: 0.043788652 | E6: 0.074930084 | F6: 0.014113563 | G6: 0.034200952 | H6: 0.039854522 | I6: 0.049805568 | J6: Measure 7 | K6: MSA
A7: JAVA ISLAND INDONESIA | B7: 8 | C7: 0.052822754 | D7: 0.072731013 | E7: 0.10745244 | F7: 0.019516023 | G7: 0.060152715 | H7: 0.06573682 | I7: 0.091242723 | J7: Measure 7 | K7: MSA
A8: Durham-Chapel Hill, NC | B8: 8 | C8: 0.017159622 | D8: 0.029543017 | E8: 0.050204398 | F8: 0.011034313 | G8: 0.020690265 | H8: 0.027791286 | I8: 0.037808452 | J8: Measure 7 | K8: MSA
A9: BANGKOK | B9: 8 | C9: 0.030478497 | D9: 0.043298763 | E9: 0.06808924 | F9: 0.012870361 | G9: 0.033015494 | H9: 0.039947374 | I9: 0.053098711 | J9: Measure 7 | K9: MSA
A10: St. Louis, MO-IL | B10: 9 | C10: 0.033698055 | D10: 0.04755306 | E10: 0.067232566 | F10: 0.012936994 | G10: 0.034978628 | H10: 0.042985796 | I10: 0.05938856 | J10: Measure 7 | K10: MSA
A11: San Jose-Sunnyvale-Santa Clara, CA | B11: 9 | C11: 0.01118436 | D11: 0.018524288 | E11: 0.030749544 | F11: 0.0060247618 | G11: 0.013838388 | H11: 0.017580081 | I11: 0.022395047 | J11: Measure 7 | K11: MSA
A12: Salt Lake City, UT | B12: 9 | C12: 0.018802588 | D12: 0.024483819 | E12: 0.036791898 | F12: 0.0061294734 | G12: 0.019314757 | H12: 0.023180376 | I12: 0.029268735 | J12: Measure 7 | K12: MSA
A13: Rochester, NY | B13: 9 | C13: 0.01843674 | D13: 0.027708006 | E13: 0.065409486 | F13: 0.014734396 | G13: 0.019442044 | H13: 0.023131432 | I13: 0.029405077 | J13: Measure 7 | K13: MSA
... A59: Washington-Arlington-Alexandria, DC-VA-MD-WV | B59: 74 | C59: 0.015959514 | D59: 0.033522247 | E59: 0.084553385 | F59: 0.011954939 | G59: 0.025730814 | H59: 0.029549676 | I59: 0.041449748 | J59: Measure 7 | K59: MSA
A60: Grand Total | B60: 1245 | C60: 0.0062608615 | D60: 0.035125022 | E60: 0.20668413 | F60: 0.017537444 | G60: #NUM! | H60: #NUM! | I60: #NUM! | J60: #NUM! | K60: MSA
A151: BRAZIL | B151: 8 | C151: 0.0087150487 | D151: 0.019634903 | E151: 0.072377567 | F151: 0.021503242 | G151: 0.0097416617 | H151: 0.012184019 | I151: 0.016208331 | J151: Measure 7 | K151: Country
A152: SWITZERLAND | B152: 8 | C152: 0.0031855071 | D152: 0.0096089407 | E152: 0.02541238 | F152: 0.0085269657 | G152: 0.004131518 | H152: 0.0056115394 | I152: 0.017425985 | J152: Measure 7 | K152: Country
A153: TURKEY | B153: 9 | C153: 0.0127632 | D153: 0.042197997 | E153: 0.081230195 | F153: 0.024355638 | G153: 0.02491914 | H153: 0.03552943 | I153: 0.066063008 | J153: Measure 7 | K153: Country
A154: MALAYSIA | B154: 10 | C154: 0.03910904 | D154: 0.074076236 | E154: 0.19884897 | F154: 0.047036787 | G154: 0.04418754 | H154: 0.06084778 | I154: 0.087095408 | J154: Measure 7 | K154: Country
A155: KOREA | B155: 10 | C155: 0.024763915 | D155: 0.054257255 | E155: 0.10461765 | F155: 0.022979581 | G155: 0.039078507 | H155: 0.05267965 | I155: 0.064179339 | J155: Measure 7 | K155: Country
A156: AUSTRALIA | B156: 11 | C156: 0.031713509 | D156: 0.056597294 | E156: 0.084998954 | F156: 0.017874548 | G156: 0.046124219 | H156: 0.048927013 | I156: 0.076238848 | J156: Measure 7 | K156: Country
A157: AUSTRIA | B157: 11 | C157: 0.0055162335 | D157: 0.019461384 | E157: 0.035851394 | F157: 0.0083019197 | G157: 0.014308505 | H157: 0.019238346 | I157: 0.02688237 | J157: Measure 7 | K157: Country
A158: INDONESIA | B158: 12 | C158: 0.052822754 | D158: 0.072173748 | E158: 0.10745244 | F158: 0.016573903 | G158: 0.061536863 | H158: 0.066233314 | I158: 0.082126086 | J158: Measure 7 | K158: Country
A159: HONG KONG | B159: 13 | C159: 0.038939941 | D159: 0.083527527 | E159: 0.16221106 | F159: 0.03254331 | G159: 0.061699014 | H159: 0.0766283 | I159: 0.10452805 | J159: Measure 7 | K159: Country
A160: THAILAND | B160: 14 | C160: 0.030478497 | D160: 0.0537495 | E160: 0.093921847 | F160: 0.022226061 | G160: 0.034055135 | H160: 0.044463451 | I160: 0.072210294 | J160: Measure 7 | K160: Country
A161: RUSSIAN FEDERATION | B161: 14 | C161: 0.026520629 | D161: 0.044476695 | E161: 0.07415852 | F161: 0.013814725 | G161: 0.033855426 | H161: 0.040210671 | I161: 0.055375589 | J161: Measure 7 | K161: Country
A162: SAUDI ARABIA | B162: 15 | C162: 0.069751821 | D162: 0.12463809 | E162: 0.237807 | F162: 0.044017283 | G162: 0.093356896 | H162: 0.12622965 | I162: 0.14635835 | J162: Measure 7 | K162: Country
... A172: UNITED STATES | B172: 1614 | C172: 0.0090872751 | D172: 0.033656191 | E172: 0.1495356 | F172: 0.015035189 | G172: 0.023342696 | H172: 0.031212459 | I172: 0.040264934 | J172: Measure 7 | K172: Country
A173: Grand Total | B173: 2199 | C173: 0.0010661577 | D173: 0.036665285 | E173: 0.237807 | F173: 0.020794012 | G173: #NUM! | H173: #NUM! | I173: #NUM! | J173: #NUM! | K173: Country
A301: JAVA ISLAND INDONESIA | B301: 8 | C301: 0.052822754 | D301: 0.072731013 | E301: 0.10745244 | F301: 0.019516023 | G301: 0.060152715 | H301: 0.06573682 | I301: 0.091242723 | J301: Measure 7 | K301: Region
A302: MONTREAL MSA | B302: 8 | C302: 0.0012715579 | D302: 0.010879884 | E302: 0.024263072 | F302: 0.008309001 | G302: 0.0047412843 | H302: 0.0077047002 | I302: 0.019601023 | J302: Measure 7 | K302: Region
A303: GUANGDONG CHINA | B303: 9 | C303: 0.03072265 | D303: 0.044552771 | E303: 0.061767498 | F303: 0.012048025 | G303: 0.034029134 | H303: 0.041320832 | I303: 0.058309832 | J303: Measure 7 | K303: Region
A304: BANGKOK 200KM | B304: 10 | C304: 0.030478497 | D304: 0.042375772 | E304: 0.06808924 | F304: 0.011721921 | G304: 0.033700962 | H304: 0.039947374 | I304: 0.048102651 | J304: Measure 7 | K304: Region
A305: MAHARASHTRA INDIA | B305: 10 | C305: 0.041184856 | D305: 0.062351689 | E305: 0.095990402 | F305: 0.015907682 | G305: 0.051558472 | H305: 0.06290311 | I305: 0.071001065 | J305: Measure 7 | K305: Region
A306: CARIBBEAN | B306: 14 | C306: 0.020894751 | D306: 0.057608857 | E306: 0.10866791 | F306: 0.027767116 | G306: 0.031930766 | H306: 0.05551704 | I306: 0.074547625 | J306: Measure 7 | K306: Region
A307: SOUTHERN GERMANY | B307: 17 | C307: 0.023700183 | D307: 0.036160678 | E307: 0.052862542 | F307: 0.0083897197 | G307: 0.028512434 | H307: 0.034917564 | I307: 0.040422846 | J307: Measure 7 | K307: Region
A308: Toronto 200KM | B308: 17 | C308: 0.0024582242 | D308: 0.020350352 | E308: 0.063225954 | F308: 0.015751823 | G308: 0.012101769 | H308: 0.015098678 | I308: 0.022144576 | J308: Measure 7 | K308: Region
A309: NORTHERN GERMANY | B309: 18 | C309: 0.016807086 | D309: 0.032444047 | E309: 0.049900454 | F309: 0.0097751004 | G309: 0.026081203 | H309: 0.032262596 | I309: 0.039378783 | J309: Measure 7 | K309: Region
A310: N/A | B310: 2205 | C310: 0.0002970679 | D310: 0.037427513 | E310: 0.237807 | F310: 0.022301064 | G310: 0.023601073 | H310: 0.032757828 | I310: 0.044571316 | J310: Measure 7 | K310: Region
A311: Grand Total | B311: 2316 | C311: 0.0002970679 | D311: 0.037563043 | E311: 0.237807 | F311: 0.02232989 | G311: #NUM! | H311: #NUM! | I311: #NUM! | J311: #NUM! | K311: Region
A451: GERMANY__LUXURY | B451: 8 | C451: 0.026392206 | D451: 0.03774805 | E451: 0.050473853 | F451: 0.0083276926 | G451: 0.033120338 | H451: 0.035604264 | I451: 0.046572787 | J451: Measure 7 | K451: CountrySegment
A452: AUSTRIA__UPSCALE AND UPPER UPSCALE | B452: 8 | C452: 0.012806774 | D452: 0.02094292 | E452: 0.035851394 | F452: 0.0082095652 | G452: 0.014497425 | H452: 0.017651725 | I452: 0.027215604 | J452: Measure 7 | K452: CountrySegment
A453: CANADA__UPPER MIDSCALE | B453: 8 | C453: 0.0082931432 | D453: 0.023691287 | E453: 0.055156294 | F453: 0.015097257 | G453: 0.014929156 | H453: 0.018865802 | I453: 0.032853835 | J453: Measure 7 | K453: CountrySegment
A454: SAUDI ARABIA__LUXURY | B454: 8 | C454: 0.069751821 | D454: 0.10900292 | E454: 0.17090464 | F454: 0.035869447 | G454: 0.077438827 | H454: 0.099901279 | I454: 0.14132617 | J454: Measure 7 | K454: CountrySegment
A455: UNITED ARAB EMIRATES__UPSCALE AND UPPER UPSCALE | B455: 8 | C455: 0.031130511 | D455: 0.068758481 | E455: 0.1529973 | F455: 0.039892321 | G455: 0.034915156 | H455: 0.059884546 | I455: 0.084849332 | J455: Measure 7 | K455: CountrySegment
A456: THAILAND__UPSCALE AND UPPER UPSCALE | B456: 8 | C456: 0.030478497 | D456: 0.050818688 | E456: 0.093921847 | F456: 0.02512228 | G456: 0.033012226 | H456: 0.037632887 | I456: 0.077329277 | J456: Measure 7 | K456: CountrySegment
A457: INDIA__LUXURY | B457: 8 | C457: 0.035247012 | D457: 0.073261891 | E457: 0.12843642 | F457: 0.028191287 | G457: 0.056963977 | H457: 0.067070759 | I457: 0.090968767 | J457: Measure 7 | K457: CountrySegment
A458: INDONESIA__LUXURY | B458: 8 | C458: 0.052822754 | D458: 0.073700796 | E458: 0.10745244 | F458: 0.019282859 | G458: 0.061536863 | H458: 0.066332561 | I458: 0.092423036 | J458: Measure 7 | K458: CountrySegment
A459: JAPAN__UPSCALE AND UPPER UPSCALE | B459: 8 | C459: 0.036178207 | D459: 0.042346331 | E459: 0.053515276 | F459: 0.0057421155 | G459: 0.037796451 | H459: 0.040770147 | I459: 0.046110811 | J459: Measure 7 | K459: CountrySegment
A460: JAPAN__LUXURY | B460: 9 | C460: 0.033262559 | D460: 0.052443761 | E460: 0.070499618 | F460: 0.014943854 | G460: 0.0350594 | H460: 0.054494827 | I460: 0.067591619 | J460: Measure 7 | K460: CountrySegment
A461: UNITED ARAB EMIRATES__LUXURY | B461: 9 | C461: 0.015122898 | D461: 0.05479572 | E461: 0.087899975 | F461: 0.023156204 | G461: 0.038153038 | H461: 0.054486576 | I461: 0.077078584 | J461: Measure 7 | K461: CountrySegment
A462: MEXICO__UPSCALE AND UPPER UPSCALE | B462: 10 | C462: 0.011089174 | D462: 0.0382263 | E462: 0.063576214 | F462: 0.016689272 | G462: 0.026679866 | H462: 0.038311632 | I462: 0.05148321 | J462: Measure 7 | K462: CountrySegment
... A474: UNITED STATES__UPSCALE AND UPPER UPSCALE | B474: 1309 | C474: 0.0090872751 | D474: 0.033450381 | E474: 0.1495356 | F474: 0.015052186 | G474: 0.02311053 | H474: 0.030810397 | I474: 0.040287198 | J474: Measure 7 | K474: CountrySegment
A475: Grand Total | B475: 2069 | C475: 0.0010661577 | D475: 0.035529683 | E475: 0.17090464 | F475: 0.018171668 | G475: #NUM! | H475: #NUM! | I475: #NUM! | J475: #NUM! | K475: CountrySegment
A601: St. Louis, MO-IL__UPSCALE AND UPPER UPSCALE | B601: 8 | C601: 0.033698055 | D601: 0.046573787 | E601: 0.067232566 | F601: 0.013468907 | G601: 0.034560697 | H601: 0.04146265 | I601: 0.061035281 | J601: Measure 7 | K601: MSASegment
A602: Salt Lake City, UT__UPSCALE AND UPPER UPSCALE | B602: 8 | C602: 0.018802588 | D602: 0.024625954 | E602: 0.036791898 | F602: 0.0065368077 | G602: 0.01926724 | H602: 0.022123081 | I602: 0.029868338 | J602: Measure 7 | K602: MSASegment
A603: DUBAI__LUXURY | B603: 8 | C603: 0.015122898 | D603: 0.051686901 | E603: 0.087899975 | F603: 0.022658382 | G603: 0.038120784 | H603: 0.051049097 | I603: 0.070262464 | J603: Measure 7 | K603: MSASegment
A604: Washington-Arlington-Alexandria, DC-VA-MD-WV__LUXURY | B604: 8 | C604: 0.02806649 | D604: 0.046269526 | E604: 0.084553385 | F604: 0.017093358 | G604: 0.035349931 | H604: 0.042524344 | I604: 0.05005195 | J604: Measure 7 | K604: MSASegment
A605: Providence-Warwick, RI-MA__UPSCALE AND UPPER UPSCALE | B605: 9 | C605: 0.015681625 | D605: 0.027070238 | E605: 0.066706327 | F605: 0.015705483 | G605: 0.016975981 | H605: 0.022874402 | I605: 0.028931634 | J605: Measure 7 | K605: MSASegment
A606: San Jose-Sunnyvale-Santa Clara, CA__UPSCALE AND UPPER UPSCALE | B606: 9 | C606: 0.01118436 | D606: 0.018524288 | E606: 0.030749544 | F606: 0.0060247618 | G606: 0.013838388 | H606: 0.017580081 | I606: 0.022395047 | J606: Measure 7 | K606: MSASegment
A607: Columbus, OH__UPSCALE AND UPPER UPSCALE | B607: 9 | C607: 0.030939227 | D607: 0.04335481 | E607: 0.056030038 | F607: 0.0074622779 | G607: 0.037409967 | H607: 0.043959361 | I607: 0.048282694 | J607: Measure 7 | K607: MSASegment
A608: Louisville/Jefferson County, KY-IN__UPSCALE AND UPPER UPSCALE | B608: 9 | C608: 0.023594699 | D608: 0.039734448 | E608: 0.082111964 | F608: 0.018693008 | G608: 0.026768691 | H608: 0.034479613 | I608: 0.048213023 | J608: Measure 7 | K608: MSASegment
A609: Richmond, VA__UPSCALE AND UPPER UPSCALE | B609: 9 | C609: 0.014197507 | D609: 0.033349263 | E609: 0.068667625 | F609: 0.016968339 | G609: 0.022156055 | H609: 0.026351502 | I609: 0.044734194 | J609: Measure 7 | K609: MSASegment
A610: Cleveland-Elyria, OH__UPSCALE AND UPPER UPSCALE | B610: 10 | C610: 0.030611335 | D610: 0.044274352 | E610: 0.075793325 | F610: 0.014811416 | G610: 0.035358355 | H610: 0.038949639 | I610: 0.048941506 | J610: Measure 7 | K610: MSASegment
A611: Sacramento--Roseville--Arden-Arcade, CA__UPSCALE AND UPPER UPSCALE | B611: 10 | C611: 0.010786171 | D611: 0.014976858 | E611: 0.020137775 | F611: 0.0031939614 | G611: 0.012432368 | H611: 0.014369944 | I611: 0.017882753 | J611: Measure 7 | K611: MSASegment
A612: New York-Newark-Jersey City, NY-NJ-PA__LUXURY | B612: 10 | C612: 0.016146038 | D612: 0.031614895 | E612: 0.058781543 | F612: 0.012833193 | G612: 0.021808611 | H612: 0.031032627 | I612: 0.038429527 | J612: Measure 7 | K612: MSASegment
... A650: Washington-Arlington-Alexandria, DC-VA-MD-WV__UPSCALE AND UPPER UPSCALE | B650: 61 | C650: 0.016793287 | D650: 0.032551267 | E650: 0.06178134 | F650: 0.010300713 | G650: 0.025720066 | H650: 0.029187467 | I650: 0.040874497 | J650: Measure 7 | K650: MSASegment
A651: Grand Total | B651: 987 | C651: 0.0090872751 | D651: 0.033542457 | E651: 0.096497563 | F651: 0.014513355 | G651: #NUM! | H651: #NUM! | I651: #NUM! | J651: #NUM! | K651: MSASegment
A751: NORTHERN GERMANY__UPSCALE AND UPPER UPSCALE | B751: 10 | C751: 0.016807086 | D751: 0.030689736 | E751: 0.045082876 | F751: 0.009477713 | G751: 0.023897947 | H751: 0.028751769 | I751: 0.039378783 | J751: Measure 7 | K751: RegionSegment
A752: CARIBBEAN__UPSCALE AND UPPER UPSCALE | B752: 11 | C752: 0.020894751 | D752: 0.055746713 | E752: 0.10866791 | F752: 0.02566463 | G752: 0.033765561 | H752: 0.050950828 | I752: 0.073673961 | J752: Measure 7 | K752: RegionSegment
A753: SOUTHERN GERMANY__UPSCALE AND UPPER UPSCALE | B753: 12 | C753: 0.023700183 | D753: 0.034793689 | E753: 0.046461499 | F753: 0.0068117592 | G753: 0.028068886 | H753: 0.035767669 | I753: 0.039349197 | J753: Measure 7 | K753: RegionSegment
A754: Toronto 200KM__UPSCALE AND UPPER UPSCALE | B754: 13 | C754: 0.0024582242 | D754: 0.017749011 | E754: 0.063225954 | F754: 0.014773468 | G754: 0.010337672 | H754: 0.014669195 | I754: 0.017464293 | J754: Measure 7 | K754: RegionSegment
A755: N/A__LUXURY | B755: 221 | C755: 0.0002970679 | D755: 0.05499195 | E755: 0.19929689 | F755: 0.031072078 | G755: 0.035301984 | H755: 0.049764543 | I755: 0.070496776 | J755: Measure 7 | K755: RegionSegment
A756: N/A__UPPER MIDSCALE | B756: 367 | C756: 0.0054635108 | D756: 0.034275446 | E756: 0.20668413 | F756: 0.023541181 | G756: 0.021486079 | H756: 0.029886427 | I756: 0.03864745 | J756: Measure 7 | K756: RegionSegment
A757: N/A__UPSCALE AND UPPER UPSCALE | B757: 1613 | C757: 0.0010661577 | D757: 0.035720728 | E757: 0.237807 | F757: 0.019309491 | G757: 0.023601073 | H757: 0.032021885 | I757: 0.043656827 | J757: Measure 7 | K757: RegionSegment
A758: Grand Total | B758: 2247 | C758: 0.0002970679 | D758: 0.037346781 | E758: 0.237807 | F758: 0.0222567 | G758: #NUM! | H758: #NUM! | I758: #NUM! | J758: #NUM! | K758: RegionSegment

Sheet ImpM8
A1: Row Labels | B1: Count | C1: Min | D1: Mean | E1: Max | F1: SD | G1: 25th | H1: Median | I1: 75th | J1: Measure | K1: Geography
A2: JAVA ISLAND INDONESIA | B2: 8 | C2: 552.38113 | D2: 1888.2398 | E2: 3356.0358 | F2: 940.51433 | G2: 1125.4183 | H2: 1768.0829 | I2: 2781.0234 | J2: Measure 8 | K2: MSA
A3: Bridgeport-Stamford-Norwalk, CT | B3: 8 | C3: 78.923756 | D3: 397.65152 | E3: 585.16084 | F3: 165.30186 | G3: 323.45489 | H3: 387.38686 | I3: 561.45516 | J3: Measure 8 | K3: MSA
A4: Memphis, TN-MS-AR | B4: 8 | C4: 301.88629 | D4: 489.56118 | E4: 661.51562 | F4: 118.68047 | G4: 377.06005 | H4: 522.19106 | I4: 565.88139 | J4: Measure 8 | K4: MSA
A5: PARIS | B5: 8 | C5: 460.34228 | D5: 600.33553 | E5: 949.78716 | F5: 169.11809 | G5: 476.52565 | H5: 529.03782 | I5: 711.14985 | J5: Measure 8 | K5: MSA
A6: Savannah, GA | B6: 8 | C6: 264.31595 | D6: 502.90937 | E6: 701.00038 | F6: 182.26917 | G6: 321.25374 | H6: 486.70795 | I6: 694.75397 | J6: Measure 8 | K6: MSA
A7: Oklahoma City, OK | B7: 8 | C7: 476.72849 | D7: 634.00146 | E7: 1029.1395 | F7: 173.04434 | G7: 524.05968 | H7: 581.82997 | I7: 676.25676 | J7: Measure 8 | K7: MSA
A8: Sacramento--Roseville--Arden-Arcade, CA | B8: 9 | C8: 388.98397 | D8: 879.32524 | E8: 3102.3067 | F8: 849.2167 | G8: 516.52035 | H8: 587.79374 | I8: 804.5354 | J8: Measure 8 | K8: MSA
A9: Durham-Chapel Hill, NC | B9: 9 | C9: 336.66868 | D9: 420.2909 | E9: 586.65702 | F9: 75.717534 | G9: 369.73251 | H9: 392.28452 | I9: 463.15742 | J9: Measure 8 | K9: MSA
A10: Richmond, VA | B10: 9 | C10: 330.51449 | D10: 535.12833 | E10: 1025.2396 | F10: 199.20948 | G10: 415.611 | H10: 514.2787 | I10: 559.78666 | J10: Measure 8 | K10: MSA
A11: TORONTO | B11: 9 | C11: 504.95533 | D11: 734.85637 | E11: 1169.9997 | F11: 238.30796 | G11: 534.49061 | H11: 664.46226 | I11: 957.51721 | J11: Measure 8 | K11: MSA
A12: Raleigh, NC | B12: 9 | C12: 263.8415 | D12: 441.10537 | E12: 636.64988 | F12: 102.40459 | G12: 378.18093 | H12: 431.19158 | I12: 492.91208 | J12: Measure 8 | K12: MSA
A13: HONG KONG | B13: 9 | C13: 285.69405 | D13: 972.71614 | E13: 1765.6652 | F13: 520.2398 | G13: 503.56732 | H13: 903.05077 | I13: 1466.1756 | J13: Measure 8 | K13: MSA
... A65: Washington-Arlington-Alexandria, DC-VA-MD-WV | B65: 102 | C65: 50.084629 | D65: 555.81125 | E65: 2067.9319 | F65: 271.17433 | G65: 402.95894 | H65: 488.82694 | I65: 641.26158 | J65: Measure 8 | K65: MSA
A66: Grand Total | B66: 1610 | C66: 47.61991 | D66: 647.91702 | E66: 10833.188 | F66: 613.11422 | G66: #NUM! | H66: #NUM! | I66: #NUM! | J66: #NUM! | K66: MSA
A151: COSTA RICA | B151: 9 | C151: 459.96046 | D151: 1453.4614 | E151: 2775.6685 | F151: 900.69741 | G151: 567.11014 | H151: 1337.0688 | I151: 2337.2579 | J151: Measure 8 | K151: Country
A152: BRAZIL | B152: 9 | C152: 97.098956 | D152: 541.19149 | E152: 1167.1566 | F152: 320.75634 | G152: 287.34062 | H152: 499.98527 | I152: 758.17557 | J152: Measure 8 | K152: Country
A153: KOREA | B153: 9 | C153: 550.34964 | D153: 1661.6587 | E153: 2528.9587 | F153: 700.22747 | G153: 1078.9209 | H153: 1670.7281 | I153: 2342.3721 | J153: Measure 8 | K153: Country
A154: HONG KONG | B154: 10 | C154: 285.69405 | D154: 973.02971 | E154: 1765.6652 | F154: 490.48779 | G154: 509.27454 | H154: 939.4513 | I154: 1460.477 | J154: Measure 8 | K154: Country
A155: AUSTRALIA | B155: 11 | C155: 352.23747 | D155: 583.80482 | E155: 981.36667 | F155: 228.02004 | G155: 402.83263 | H155: 519.37632 | I155: 854.77583 | J155: Measure 8 | K155: Country
A156: THAILAND | B156: 13 | C156: 662.21712 | D156: 1525.1387 | E156: 2384.9265 | F156: 547.17971 | G156: 1076.8666 | H156: 1287.5672 | I156: 2050.2246 | J156: Measure 8 | K156: Country
A157: RUSSIAN FEDERATION | B157: 13 | C157: 297.74656 | D157: 806.767 | E157: 2280.4325 | F157: 581.95586 | G157: 366.94702 | H157: 584.76765 | I157: 1087.6955 | J157: Measure 8 | K157: Country
A158: INDONESIA | B158: 13 | C158: 552.38113 | D158: 2422.2637 | E158: 8971.1888 | F158: 2234.0147 | G158: 869.26212 | H158: 1810.9311 | I158: 3165.5707 | J158: Measure 8 | K158: Country
A159: JAPAN | B159: 14 | C159: 1000.9683 | D159: 2297.0265 | E159: 9521.648 | F159: 2126.6417 | G159: 1503.3787 | H159: 1740.6335 | I159: 2178.5622 | J159: Measure 8 | K159: Country
A160: MEXICO | B160: 16 | C160: 114.36908 | D160: 911.22026 | E160: 2117.0494 | F160: 565.53608 | G160: 381.57265 | H160: 844.0532 | I160: 1367.8545 | J160: Measure 8 | K160: Country
A161: FRANCE | B161: 18 | C161: 226.98494 | D161: 521.82402 | E161: 1415.8968 | F161: 295.14593 | G161: 282.63423 | H161: 481.27896 | I161: 636.97075 | J161: Measure 8 | K161: Country
A162: UNITED ARAB EMIRATES | B162: 21 | C162: 175.84056 | D162: 1117.5012 | E162: 5270.4646 | F162: 1326.9071 | G162: 350.40947 | H162: 761.64034 | I162: 1206.3095 | J162: Measure 8 | K162: Country
... A168: UNITED STATES | B168: 2109 | C168: 47.23724 | D168: 626.92435 | E168: 10833.188 | F168: 580.43886 | G168: 410.17741 | H168: 509.96821 | I168: 670.21696 | J168: Measure 8 | K168: Country
A169: Grand Total | B169: 2491 | C169: 47.23724 | D169: 697.03281 | E169: 10833.188 | F169: 682.86754 | G169: #NUM! | H169: #NUM! | I169: #NUM! | J169: #NUM! | K169: Country
A301: ALBERTA CANADA | B301: 8 | C301: 55.468529 | D301: 581.71911 | E301: 1294.774 | F301: 381.88494 | G301: 390.02856 | H301: 487.40224 | I301: 867.01014 | J301: Measure 8 | K301: Region
A302: JAVA ISLAND INDONESIA | B302: 8 | C302: 552.38113 | D302: 1888.2398 | E302: 3356.0358 | F302: 940.51433 | G302: 1125.4183 | H302: 1768.0829 | I302: 2781.0234 | J302: Measure 8 | K302: Region
A303: MAHARASHTRA INDIA | B303: 9 | C303: 298.64218 | D303: 1234.7453 | E303: 2232.8427 | F303: 667.10202 | G303: 646.6758 | H303: 1151.8022 | I303: 1841.9661 | J303: Measure 8 | K303: Region
A304: GUANGDONG CHINA | B304: 9 | C304: 1065.7135 | D304: 1971.4771 | E304: 3740.69 | F304: 733.07775 | G304: 1626.4641 | H304: 1888.9316 | I304: 2068.6076 | J304: Measure 8 | K304: Region
A305: BANGKOK 200KM | B305: 10 | C305: 662.21712 | D305: 1512.1654 | E305: 2384.9265 | F305: 587.11176 | G305: 1021.4106 | H305: 1433.2605 | I305: 2036.7678 | J305: Measure 8 | K305: Region
A306: SOUTHERN GERMANY | B306: 10 | C306: 190.09324 | D306: 413.20258 | E306: 965.84317 | F306: 239.09464 | G306: 232.50395 | H306: 326.14556 | I306: 535.24574 | J306: Measure 8 | K306: Region
A307: NORTHERN GERMANY | B307: 13 | C307: 180.92428 | D307: 494.07654 | E307: 750.85102 | F307: 192.40257 | G307: 305.12723 | H307: 524.28442 | I307: 640.26551 | J307: Measure 8 | K307: Region
A308: Toronto 200KM | B308: 17 | C308: 81.470052 | D308: 583.00045 | E308: 1169.9997 | F308: 261.20359 | G308: 414.01778 | H308: 546.17642 | I308: 681.41643 | J308: Measure 8 | K308: Region
A309: CARIBBEAN | B309: 28 | C309: 365.39322 | D309: 1434.4768 | E309: 4827.0727 | F309: 962.64083 | G309: 828.42458 | H309: 1179.9646 | I309: 1804.5286 | J309: Measure 8 | K309: Region
A310: N/A | B310: 2503 | C310: 47.23724 | D310: 714.97306 | E310: 11707.538 | F310: 773.3003 | G310: 413.88116 | H310: 527.08268 | I310: 730.10819 | J310: Measure 8 | K310: Region
A311: Grand Total | B311: 2615 | C311: 47.23724 | D311: 731.91062 | E311: 11707.538 | F311: 780.19699 | G311: #NUM! | H311: #NUM! | I311: #NUM! | J311: #NUM! | K311: Region
A451: INDONESIA__LUXURY | B451: 8 | C451: 1007.1098 | D451: 3116.1312 | E451: 8971.1888 | F451: 2549.0483 | G451: 1562.9907 | H451: 2197.2905 | I451: 3770.6533 | J451: Measure 8 | K451: CountrySegment
A452: JAPAN__LUXURY | B452: 8 | C452: 1000.9683 | D452: 2639.4507 | E452: 9521.648 | F452: 2811.5684 | G452: 1489.3947 | H452: 1658.3363 | I452: 2317.5116 | J452: Measure 8 | K452: CountrySegment
A453: UNITED ARAB EMIRATES__LUXURY | B453: 9 | C453: 273.97028 | D453: 1753.0017 | E453: 5270.4646 | F453: 1813.179 | G453: 639.16116 | H453: 1044.446 | I453: 2890.057 | J453: Measure 8 | K453: CountrySegment
A454: COSTA RICA__UPSCALE AND UPPER UPSCALE | B454: 9 | C454: 459.96046 | D454: 1453.4614 | E454: 2775.6685 | F454: 900.69741 | G454: 567.11014 | H454: 1337.0688 | I454: 2337.2579 | J454: Measure 8 | K454: CountrySegment
A455: THAILAND__UPSCALE AND UPPER UPSCALE | B455: 9 | C455: 662.21712 | D455: 1231.9727 | E455: 1857.5826 | F455: 350.57344 | G455: 1007.1184 | H455: 1253.1472 | I455: 1450.4705 | J455: Measure 8 | K455: CountrySegment
A456: RUSSIAN FEDERATION__UPSCALE AND UPPER UPSCALE | B456: 11 | C456: 297.74656 | D456: 609.10198 | E456: 1090.2408 | F456: 311.71866 | G456: 361.22699 | H456: 513.20089 | I456: 1029.6435 | J456: Measure 8 | K456: CountrySegment
A457: MEXICO__UPSCALE AND UPPER UPSCALE | B457: 12 | C457: 260.70295 | D457: 974.9342 | E457: 2117.0494 | F457: 588.0666 | G457: 384.28461 | H457: 878.48167 | I457: 1444.7382 | J457: Measure 8 | K457: CountrySegment
A458: FRANCE__UPSCALE AND UPPER UPSCALE | B458: 16 | C458: 226.98494 | D458: 439.19678 | E458: 736.33907 | F458: 161.0661 | G458: 278.3183 | H458: 466.05731 | I458: 531.76673 | J458: Measure 8 | K458: CountrySegment
A459: INDIA__UPSCALE AND UPPER UPSCALE | B459: 17 | C459: 316.06174 | D459: 1362.647 | E459: 2683.6803 | F459: 531.27184 | G459: 1140.1313 | H459: 1448.234 | I459: 1561.734 | J459: Measure 8 | K459: CountrySegment
A460: GERMANY__UPSCALE AND UPPER UPSCALE | B460: 17 | C460: 180.92428 | D460: 438.18366 | E460: 965.84317 | F460: 230.6518 | G460: 252.51959 | H460: 348.83671 | I460: 628.1535 | J460: Measure 8 | K460: CountrySegment
A461: CHINA__LUXURY | B461: 21 | C461: 860.54078 | D461: 2076.5635 | E461: 4467.0762 | F461: 986.83586 | G461: 1329.0089 | H461: 1840.9571 | I461: 2398.5968 | J461: Measure 8 | K461: CountrySegment
A462: UNITED STATES__TIMESHARE | B462: 22 | C462: 376.58345 | D462: 870.53081 | E462: 1796.3258 | F462: 383.92989 | G462: 579.64682 | H462: 794.56962 | I462: 1035.8514 | J462: Measure 8 | K462: CountrySegment
... A468: UNITED STATES__UPSCALE AND UPPER UPSCALE | B468: 1601 | C468: 47.61991 | D468: 603.63143 | E468: 10285.23 | F468: 471.17746 | G468: 415.90455 | H468: 516.02134 | I468: 675.08125 | J468: Measure 8 | K468: CountrySegment
A469: Grand Total | B469: 2379 | C469: 47.23724 | D469: 683.94984 | E469: 10833.188 | F469: 676.04802 | G469: #NUM! | H469: #NUM! | I469: #NUM! | J469: #NUM! | K469: CountrySegment
A601: Raleigh, NC__UPSCALE AND UPPER UPSCALE | B601: 8 | C601: 263.8415 | D601: 449.80825 | E601: 636.64988 | F601: 105.85725 | G601: 396.14123 | H601: 448.67232 | I601: 493.79509 | J601: Measure 8 | K601: MSASegment
A602: Miami-Fort Lauderdale-West Palm Beach, FL__LUXURY | B602: 8 | C602: 634.72755 | D602: 1722.886 | E602: 4649.6432 | F602: 1264.3409 | G602: 823.2731 | H602: 1509.2604 | I602: 1816.2692 | J602: Measure 8 | K602: MSASegment
A603: Charleston-North Charleston, SC__UPSCALE AND UPPER UPSCALE | B603: 8 | C603: 521.35389 | D603: 594.55868 | E603: 767.34756 | F603: 89.753778 | G603: 536.14403 | H603: 546.19081 | I603: 671.74359 | J603: Measure 8 | K603: MSASegment
A604: DUBAI__LUXURY | B604: 8 | C604: 273.97028 | D604: 1409.8016 | E604: 5270.4646 | F604: 1595.5444 | G604: 567.55333 | H604: 1021.5185 | I604: 1243.9107 | J604: Measure 8 | K604: MSASegment
A605: Lexington-Fayette, KY__UPSCALE AND UPPER UPSCALE | B605: 8 | C605: 460.5406 | D605: 580.83359 | E605: 757.01125 | F605: 111.31026 | G605: 503.03327 | H605: 545.88881 | I605: 702.58275 | J605: Measure 8 | K605: MSASegment
A606: Providence-Warwick, RI-MA__UPSCALE AND UPPER UPSCALE | B606: 9 | C606: 360.9205 | D606: 483.20577 | E606: 688.91016 | F606: 92.783269 | G606: 421.258 | H606: 488.03762 | I606: 516.29983 | J606: Measure 8 | K606: MSASegment
A607: Tampa-St. Petersburg-Clearwater, FL__UPPER MIDSCALE | B607: 9 | C607: 350.79488 | D607: 504.45726 | E607: 640.12364 | F607: 97.429416 | G607: 424.11047 | H607: 508.01244 | I607: 592.38089 | J607: Measure 8 | K607: MSASegment
A608: Birmingham-Hoover, AL__UPSCALE AND UPPER UPSCALE | B608: 9 | C608: 417.09327 | D608: 703.20333 | E608: 1675.5671 | F608: 405.81999 | G608: 443.39975 | H608: 556.68815 | I608: 870.30883 | J608: Measure 8 | K608: MSASegment
A609: Minneapolis-St. Paul-Bloomington, MN-WI__UPPER MIDSCALE | B609: 9 | C609: 296.45022 | D609: 478.26839 | E609: 790.52686 | F609: 151.41177 | G609: 368.03535 | H609: 428.67918 | I609: 569.83184 | J609: Measure 8 | K609: MSASegment
A610: Salt Lake City, UT__UPSCALE AND UPPER UPSCALE | B610: 10 | C610: 272.81968 | D610: 675.836 | E610: 855.56441 | F610: 199.07625 | G610: 536.61845 | H610: 761.71085 | I610: 818.81929 | J610: Measure 8 | K610: MSASegment
A611: New York-Newark-Jersey City, NY-NJ-PA__LUXURY | B611: 10 | C611: 332.83801 | D611: 878.70828 | E611: 2053.3657 | F611: 501.72164 | G611: 504.18076 | H611: 769.96312 | I611: 1129.052 | J611: Measure 8 | K611: MSASegment
A612: LONDON__UPSCALE AND UPPER UPSCALE | B612: 10 | C612: 116.64453 | D612: 430.19319 | E612: 717.93975 | F612: 164.59811 | G612: 331.88101 | H612: 444.92653 | I612: 516.15757 | J612: Measure 8 | K612: MSASegment
... A656: Washington-Arlington-Alexandria, DC-VA-MD-WV__UPSCALE AND UPPER UPSCALE | B656: 85 | C656: 50.084629 | D656: 534.25292 | E656: 1556.4757 | F656: 222.50494 | G656: 414.0859 | H656: 481.33626 | I656: 624.64244 | J656: Measure 8 | K656: MSASegment
A657: Grand Total | B657: 1262 | C657: 47.61991 | D657: 606.94252 | E657: 10285.23 | F657: 490.39987 | G657: #NUM! | H657: #NUM! | I657: #NUM! | J657: #NUM! | K657: MSASegment
A751: NORTHERN GERMANY__UPSCALE AND UPPER UPSCALE | B751: 8 | C751: 180.92428 | D751: 442.52066 | E751: 750.85102 | F751: 231.94555 | G751: 241.57308 | H751: 366.24492 | I751: 715.29455 | J751: Measure 8 | K751: RegionSegment
A752: SOUTHERN GERMANY__UPSCALE AND UPPER UPSCALE | B752: 9 | C752: 190.09324 | D752: 434.32855 | E752: 965.84317 | F752: 243.49759 | G752: 254.44371 | H752: 348.83671 | I752: 565.35793 | J752: Measure 8 | K752: RegionSegment
A753: Toronto 200KM__UPSCALE AND UPPER UPSCALE | B753: 14 | C753: 81.470052 | D753: 529.34981 | E753: 1010.3048 | F753: 210.93525 | G753: 400.77395 | H753: 533.46336 | I753: 662.5228 | J753: Measure 8 | K753: RegionSegment
A754: CARIBBEAN__UPSCALE AND UPPER UPSCALE | B754: 23 | C754: 479.51806 | D754: 1439.5059 | E754: 4827.0727 | F754: 979.16174 | G754: 835.3696 | H754: 1166.5944 | I754: 1871.7746 | J754: Measure 8 | K754: RegionSegment
A755: N/A__TIMESHARE | B755: 24 | C755: 376.58345 | D755: 852.25078 | E755: 1796.3258 | F755: 378.83547 | G755: 561.14619 | H755: 794.56962 | I755: 950.84626 | J755: Measure 8 | K755: RegionSegment
A756: N/A__LUXURY | B756: 187 | C756: 238.83669 | D756: 1718.2151 | E756: 10833.188 | F756: 1746.3853 | G756: 743.70886 | H756: 1171.0916 | I756: 1790.059 | J756: Measure 8 | K756: RegionSegment
A757: N/A__UPPER MIDSCALE | B757: 405 | C757: 47.23724 | D757: 524.73204 | E757: 4813.8408 | F757: 456.02858 | G757: 373.29314 | H757: 457.12403 | I757: 548.51366 | J757: Measure 8 | K757: RegionSegment
A758: N/A__UPSCALE AND UPPER UPSCALE | B758: 1880 | C758: 47.61991 | D758: 655.9036 | E758: 11707.538 | F758: 579.28165 | G758: 417.14819 | H758: 526.94655 | I758: 716.50045 | J758: Measure 8 | K758: RegionSegment
A759: Grand Total | B759: 2550 | C759: 47.23724 | D759: 719.74279 | E759: 11707.538 | F759: 775.08515 | G759: #NUM! | H759: #NUM! | I759: #NUM! | J759: #NUM! | K759: RegionSegment

Sheet ImpM9
A1: Row Labels | B1: Count | C1: Min | D1: Mean | E1: Max | F1: SD | G1: 25th | H1: Median | I1: 75th | J1: Measure | K1: Geography
A2: SAO PAULO | B2: 8 | C2: 515.58884 | D2: 2557.8204 | E2: 5379.2952 | F2: 1864.4654 | G2: 1146.4531 | H2: 1689.6728 | I2: 4676.8406 | J2: Measure 9 | K2: MSA
A3: Las Vegas-Henderson-Paradise, NV | B3: 8 | C3: 1790.0668 | D3: 2975.6711 | E3: 3996.0104 | F3: 738.93764 | G3: 2295.6212 | H3: 3002.2263 | I3: 3541.863 | J3: Measure 9 | K3: MSA
A4: Savannah, GA | B4: 8 | C4: 1317.2292 | D4: 2135.6319 | E4: 3113.1292 | F4: 579.18647 | G4: 1668.8326 | H4: 2050.2206 | I4: 2602.9942 | J4: Measure 9 | K4: MSA
A5: PARIS | B5: 8 | C5: 2081.6292 | D5: 3062.3592 | E5: 3769.1154 | F5: 526.61122 | G5: 2737.0462 | H5: 3125.0722 | I5: 3479.2914 | J5: Measure 9 | K5: MSA
A6: JAVA ISLAND INDONESIA | B6: 8 | C6: 1246.3478 | D6: 3598.4252 | E6: 7745.5621 | F6: 1971.6902 | G6: 2167.8795 | H6: 3357.918 | I6: 4357.125 | J6: Measure 9 | K6: MSA
A7: TORONTO | B7: 9 | C7: 1699.6379 | D7: 2390.3454 | E7: 4070.2594 | F7: 709.8194 | G7: 1851.9042 | H7: 2316.429 | I7: 2539.9081 | J7: Measure 9 | K7: MSA
A8: Albuquerque, NM | B8: 9 | C8: 1855.4405 | D8: 2457.9693 | E8: 3113.4165 | F8: 472.39219 | G8: 1925.2464 | H8: 2592.4294 | I8: 2885.686 | J8: Measure 9 | K8: MSA
A9: Raleigh, NC | B9: 9 | C9: 1293.267 | D9: 1908.2828 | E9: 2417.1831 | F9: 367.94276 | G9: 1541.614 | H9: 2020.5882 | I9: 2156.9353 | J9: Measure 9 | K9: MSA
A10: HONG KONG | B10: 9 | C10: 1770.902 | D10: 2931.7511 | E10: 4015.7255 | F10: 902.14754 | G10: 1968.7 | H10: 2732.0583 | I10: 3848.3529 | J10: Measure 9 | K10: MSA
A11: Memphis, TN-MS-AR | B11: 9 | C11: 863.08329 | D11: 2307.8549 | E11: 3886.1656 | F11: 1022.2256 | G11: 1228.7765 | H11: 2597.0001 | I11: 2958.4276 | J11: Measure 9 | K11: MSA
A12: Birmingham-Hoover, AL | B12: 9 | C12: 1859.5904 | D12: 2690.956 | E12: 4131.8153 | F12: 856.08043 | G12: 2146.2471 | H12: 2274.3395 | I12: 3459.1279 | J12: Measure 9 | K12: MSA
A13: Richmond, VA | B13: 9 | C13: 1172.219 | D13: 2892.0905 | E13: 5668.8965 | F13: 1447.0788 | G13: 1883.6106 | H13: 2355.3367 | I13: 4116.8291 | J13: Measure 9 | K13: MSA
... A66: Washington-Arlington-Alexandria, DC-VA-MD-WV | B66: 99 | C66: 231.859 | D66: 2172.0707 | E66: 6667.7072 | F66: 954.11712 | G66: 1641.6088 | H66: 2007.6224 | I66: 2511.9147 | J66: Measure 9 | K66: MSA
A67: Grand Total | B67: 1621 | C67: 138.56847 | D67: 2465.6917 | E67: 14662.372 | F67: 1131.2313 | G67: #NUM! | H67: #NUM! | I67: #NUM! | J67: #NUM! | K67: MSA
A151: MALAYSIA | B151: 8 | C151: 1734.5101 | D151: 5704.2435 | E151: 9997.7536 | F151: 2522.2577 | G151: 4233.7623 | H151: 5330.6309 | I151: 7347.1483 | J151: Measure 9 | K151: Country
A152: COSTA RICA | B152: 9 | C152: 1275.4879 | D152: 5529.4006 | E152: 10816.846 | F152: 3516.9162 | G152: 2390.4432 | H152: 3961.2085 | I152: 8610.0303 | J152: Measure 9 | K152: Country
A153: KOREA | B153: 9 | C153: 2070.3909 | D153: 4344.3706 | E153: 6195.7215 | F153: 1639.6225 | G153: 2779.2328 | H153: 4651.4154 | I153: 5857.97 | J153: Measure 9 | K153: Country
A154: BRAZIL | B154: 10 | C154: 515.58884 | D154: 2312.7716 | E154: 5379.2952 | F154: 1730.9722 | G154: 1015.7306 | H154: 1632.6187 | I154: 3972.3853 | J154: Measure 9 | K154: Country
A155: HONG KONG | B155: 10 | C155: 1770.902 | D155: 3099.7001 | E155: 4611.2403 | F155: 1002.7505 | G155: 2018.2444 | H155: 3121.6974 | I155: 3951.9372 | J155: Measure 9 | K155: Country
A156: AUSTRALIA | B156: 11 | C156: 1063.9515 | D156: 1970.7297 | E156: 2926.7207 | F156: 635.42342 | G156: 1150.0982 | H156: 2002.6556 | I156: 2607.5015 | J156: Measure 9 | K156: Country
A157: THAILAND | B157: 12 | C157: 2360.9915 | D157: 4105.2005 | E157: 6590.4432 | F157: 1452.4308 | G157: 2968.6735 | H157: 3505.2794 | I157: 4990.326 | J157: Measure 9 | K157: Country
A158: INDONESIA | B158: 12 | C158: 1246.3478 | D158: 4138.808 | E158: 11771.09 | F158: 2929.1759 | G158: 2167.8795 | H158: 3357.918 | I158: 4448.7797 | J158: Measure 9 | K158: Country
A159: RUSSIAN FEDERATION | B159: 13 | C159: 1042.7829 | D159: 2173.2521 | E159: 3824.5528 | F159: 1004.4043 | G159: 1351.3482 | H159: 1606.69 | I159: 3177.0334 | J159: Measure 9 | K159: Country
A160: JAPAN | B160: 14 | C160: 2292.8762 | D160: 3337.9173 | E160: 4624.3305 | F160: 688.78298 | G160: 2892.7493 | H160: 3372.3819 | I160: 3826.6237 | J160: Measure 9 | K160: Country
A161: MEXICO | B161: 15 | C161: 378.88028 | D161: 2993.4539 | E161: 7193.1832 | F161: 2087.5378 | G161: 1102.7303 | H161: 2734.2837 | I161: 4659.7069 | J161: Measure 9 | K161: Country
A162: FRANCE | B162: 18 | C162: 1098.7285 | D162: 2408.5638 | E162: 4072.9075 | F162: 918.42316 | G162: 1661.5842 | H162: 2102.3496 | I162: 3227.9861 | J162: Measure 9 | K162: Country
... A169: UNITED STATES | B169: 2141 | C169: 107.88757 | D169: 2489.7354 | E169: 14662.372 | F169: 1187.3385 | G169: 1787.9671 | H169: 2292.5229 | I169: 2917.721 | J169: Measure 9 | K169: Country
A170: Grand Total | B170: 2537 | C170: 107.88757 | D170: 2544.5829 | E170: 14662.372 | F170: 1313.9672 | G170: #NUM! | H170: #NUM! | I170: #NUM! | J170: #NUM! | K170: Country
A301: JAVA ISLAND INDONESIA | B301: 8 | C301: 1246.3478 | D301: 3598.4252 | E301: 7745.5621 | F301: 1971.6902 | G301: 2167.8795 | H301: 3357.918 | I301: 4357.125 | J301: Measure 9 | K301: Region
A302: ALBERTA CANADA | B302: 8 | C302: 240.20859 | D302: 1562.2806 | E302: 2842.5505 | F302: 796.43876 | G302: 1005.9026 | H302: 1559.6264 | I302: 2083.2379 | J302: Measure 9 | K302: Region
A303: BANGKOK 200KM | B303: 9 | C303: 2360.9915 | D303: 3462.4162 | E303: 5008.992 | F303: 902.66131 | G303: 2743.906 | H303: 3301.3741 | I303: 4217.0115 | J303: Measure 9 | K303: Region
A304: MAHARASHTRA INDIA | B304: 9 | C304: 713.41494 | D304: 2547.1626 | E304: 4230.6854 | F304: 1104.8115 | G304: 1695.3954 | H304: 2503.2384 | I304: 3380.2329 | J304: Measure 9 | K304: Region
A305: GUANGDONG CHINA | B305: 10 | C305: 1968.6396 | D305: 3399.7326 | E305: 7875.3739 | F305: 1662.3323 | G305: 2373.4875 | H305: 3077.8835 | I305: 3420.6754 | J305: Measure 9 | K305: Region
A306: SOUTHERN GERMANY | B306: 10 | C306: 1007.2469 | D306: 2279.5059 | E306: 7813.1662 | F306: 1999.1986 | G306: 1126.9679 | H306: 1783.1024 | I306: 2251.4745 | J306: Measure 9 | K306: Region
A307: NORTHERN GERMANY | B307: 13 | C307: 752.37636 | D307: 1714.5998 | E307: 4028.4725 | F307: 776.84024 | G307: 1347.5033 | H307: 1520.631 | I307: 1845.8502 | J307: Measure 9 | K307: Region
A308: Toronto 200KM | B308: 17 | C308: 269.25534 | D308: 2132.502 | E308: 4070.2594 | F308: 826.27423 | G308: 1702.3784 | H308: 2167.4696 | I308: 2539.9081 | J308: Measure 9 | K308: Region
A309: CARIBBEAN | B309: 26 | C309: 1810.4991 | D309: 5163.9706 | E309: 11802.314 | F309: 2159.2502 | G309: 3657.1794 | H309: 4623.2679 | I309: 6281.2778 | J309: Measure 9 | K309: Region
A310: N/A | B310: 2546 | C310: 107.88757 | D310: 2540.2885 | E310: 14662.372 | F310: 1314.8906 | G310: 1751.0765 | H310: 2293.5427 | I310: 2976.2341 | J310: Measure 9 | K310: Region
A311: Grand Total | B311: 2656 | C311: 107.88757 | D311: 2564.964 | E311: 14662.372 | F311: 1353.6622 | G311: #NUM! | H311: #NUM! | I311: #NUM! | J311: #NUM! | K311: Region
A451: THAILAND__UPSCALE AND UPPER UPSCALE | B451: 8 | C451: 2360.9915 | D451: 3924.1407 | E451: 6590.4432 | F451: 1462.7573 | G451: 2674.133 | H451: 3505.2794 | I451: 4990.326 | J451: Measure 9 | K451: CountrySegment
A452: INDIA__LUXURY | B452: 8 | C452: 713.41494 | D452: 3406.0008 | E452: 8675.6714 | F452: 2513.3579 | G452: 1187.8739 | H452: 3255.6913 | I452: 4177.8664 | J452: Measure 9 | K452: CountrySegment
A453: UNITED ARAB EMIRATES__LUXURY | B453: 9 | C453: 397.06986 | D453: 2438.7581 | E453: 7141.2898 | F453: 2545.3867 | G453: 644.12498 | H453: 1477.4503 | I453: 4294.8813 | J453: Measure 9 | K453: CountrySegment
A454: COSTA RICA__UPSCALE AND UPPER UPSCALE | B454: 9 | C454: 1275.4879 | D454: 5529.4006 | E454: 10816.846 | F454: 3516.9162 | G454: 2390.4432 | H454: 3961.2085 | I454: 8610.0303 | J454: Measure 9 | K454: CountrySegment
A455: RUSSIAN FEDERATION__UPSCALE AND UPPER UPSCALE | B455: 11 | C455: 1042.7829 | D455: 1985.1915 | E455: 3824.5528 | F455: 964.00708 | G455: 1316.259 | H455: 1584.3186 | I455: 2898.2838 | J455: Measure 9 | K455: CountrySegment
A456: MEXICO__UPSCALE AND UPPER UPSCALE | B456: 12 | C456: 565.93563 | D456: 3286.0643 | E456: 7193.1832 | F456: 2188.2387 | G456: 1194.8525 | H456: 3440.8312 | I456: 4969.5259 | J456: Measure 9 | K456: CountrySegment
A457: FRANCE__UPSCALE AND UPPER UPSCALE | B457: 16 | C457: 1098.7285 | D457: 2254.9633 | E457: 3769.1154 | F457: 839.15519 | G457: 1566.1812 | H457: 2012.8561 | I457: 3000.6977 | J457: Measure 9 | K457: CountrySegment
A458: INDIA__UPSCALE AND UPPER UPSCALE | B458: 17 | C458: 1215.0279 | D458: 3302.1503 | E458: 5827.1934 | F458: 1498.6664 | G458: 2199.0174 | H458: 2939.3517 | I458: 4860.1624 | J458: Measure 9 | K458: CountrySegment
A459: GERMANY__UPSCALE AND UPPER UPSCALE | B459: 17 | C459: 752.37636 | D459: 2115.052 | E459: 7813.1662 | F459: 1634.1104 | G459: 1260.2944 | H459: 1780.6747 | I459: 2128.9178 | J459: Measure 9 | K459: CountrySegment
A460: CHINA__LUXURY | B460: 21 | C460: 1898.2214 | D460: 3106.7146 | E460: 5870.449 | F460: 1018.0667 | G460: 2360.4496 | H460: 3041.4622 | I460: 3460.1797 | J460: Measure 9 | K460: CountrySegment
A461: CANADA__UPSCALE AND UPPER UPSCALE | B461: 38 | C461: 269.25534 | D461: 1962.604 | E461: 4070.2594 | F461: 782.42304 | G461: 1438.8685 | H461: 1844.5119 | I461: 2536.4976 | J461: Measure 9 | K461: CountrySegment
A462: UNITED STATES__TIMESHARE | B462: 43 | C462: 107.88757 | D462: 2244.2465 | E462: 6105.0175 | F462: 1181.1607 | G462: 1505.4869 | H462: 2120.4692 | I462: 2690.8658 | J462: Measure 9 | K462: CountrySegment
... A467: UNITED STATES__UPSCALE AND UPPER UPSCALE | B467: 1613 | C467: 138.56847 | D467: 2429.685 | E467: 11419.295 | F467: 1101.7409 | G467: 1752.8033 | H467: 2244.4137 | I467: 2832.935 | J467: Measure 9 | K467: CountrySegment
A468: Grand Total | B468: 2411 | C468: 107.88757 | D468: 2521.3341 | E468: 14662.372 | F468: 1253.9382 | G468: #NUM! | H468: #NUM! | I468: #NUM! | J468: #NUM! | K468: CountrySegment
A601: DUBAI__LUXURY | B601: 8 | C601: 397.06986 | D601: 1850.9416 | E601: 6483.3684 | F601: 1962.2842 | G601: 570.19516 | H601: 1466.6354 | I601: 1979.5905 | J601: Measure 9 | K601: MSASegment
A602: Raleigh, NC__UPSCALE AND UPPER UPSCALE | B602: 8 | C602: 1293.267 | D602: 1879.8347 | E602: 2417.1831 | F602: 382.6199 | G602: 1534.5737 | H602: 1981.6278 | I602: 2159.4377 | J602: Measure 9 | K602: MSASegment
A603: Miami-Fort Lauderdale-West Palm Beach, FL__LUXURY | B603: 8 | C603: 1591.4355 | D603: 4042.6076 | E603: 11615.282 | F603: 3339.7199 | G603: 1864.5585 | H603: 2861.5507 | I603: 5125.2278 | J603: Measure 9 | K603: MSASegment
A604: Birmingham-Hoover, AL__UPSCALE AND UPPER UPSCALE | B604: 8 | C604: 1859.5904 | D604: 2749.6706 | E604: 4131.8153 | F604: 895.6065 | G604: 2113.5493 | H604: 2388.0075 | I604: 3794.2657 | J604: Measure 9 | K604: MSASegment
A605: Oklahoma City, OK__UPSCALE AND UPPER UPSCALE | B605: 8 | C605: 1856.8474 | D605: 2825.9349 | E605: 5032.1192 | F605: 998.1988 | G605: 2161.982 | H605: 2494.4057 | I605: 3183.1154 | J605: Measure 9 | K605: MSASegment
A606: Washington-Arlington-Alexandria, DC-VA-MD-WV__UPPER MIDSCALE | B606: 8 | C606: 1508.8166 | D606: 2297.9451 | E606: 3720.7 | F606: 748.80725 | G606: 1636.5049 | H606: 2234.4627 | I606: 2705.7539 | J606: Measure 9 | K606: MSASegment
A607: Durham-Chapel Hill, NC__UPSCALE AND UPPER UPSCALE | B607: 8 | C607: 1491.0523 | D607: 1989.8274 | E607: 2721.8516 | F607: 461.31862 | G607: 1529.3973 | H607: 1977.1101 | I607: 2416.4107 | J607: Measure 9 | K607: MSASegment
A608: Lexington-Fayette, KY__UPSCALE AND UPPER UPSCALE | B608: 8 | C608: 2196.3043 | D608: 2613.0102 | E608: 3531.9188 | F608: 445.58084 | G608: 2310.9689 | H608: 2468.4861 | I608: 2897.846 | J608: Measure 9 | K608: MSASegment
A609: Atlanta-Sandy Springs-Roswell, GA__UPPER MIDSCALE | B609: 8 | C609: 1958.7963 | D609: 2645.4714 | E609: 4007.6157 | F609: 635.17551 | G609: 2234.7894 | H609: 2493.2415 | I609: 2928.9022 | J609: Measure 9 | K609: MSASegment
A610: Providence-Warwick, RI-MA__UPSCALE AND UPPER UPSCALE | B610: 9 | C610: 1297.3868 | D610: 2297.4282 | E610: 5005.8079 | F610: 1108.0644 | G610: 1701.3995 | H610: 2031.5501 | I610: 2508.896 | J610: Measure 9 | K610: MSASegment
A611: Louisville/Jefferson County, KY-IN__UPSCALE AND UPPER UPSCALE | B611: 9 | C611: 1296.3295 | D611: 2318.6388 | E611: 2940.881 | F611: 508.71259 | G611: 1997.7444 | H611: 2497.8218 | I611: 2641.3046 | J611: Measure 9 | K611: MSASegment
A612: New York-Newark-Jersey City, NY-NJ-PA__LUXURY | B612: 10 | C612: 1544.713 | D612: 2719.1288 | E612: 4197.9208 | F612: 782.00587 | G612: 2237.1969 | H612: 2732.626 | I612: 3135.2853 | J612: Measure 9 | K612: MSASegment
... A658: Washington-Arlington-Alexandria, DC-VA-MD-WV__UPSCALE AND UPPER UPSCALE | B658: 83 | C658: 231.859 | D658: 2093.5812 | E658: 6667.7072 | F658: 882.83964 | G658: 1612.5378 | H658: 1937.7076 | I658: 2399.8516 | J658: Measure 9 | K658: MSASegment
A659: Grand Total | B659: 1283 | C659: 138.56847 | D659: 2424.3051 | E659: 11615.282 | F659: 1081.3909 | G659: #NUM! | H659: #NUM! | I659: #NUM! | J659: #NUM! | K659: MSASegment
A751: NORTHERN GERMANY__UPSCALE AND UPPER UPSCALE | B751: 8 | C751: 752.37636 | D751: 1771.0089 | E751: 4028.4725 | F751: 982.98161 | G751: 1217.4711 | H751: 1587.4666 | I751: 1873.6316 | J751: Measure 9 | K751: RegionSegment
A752: SOUTHERN GERMANY__UPSCALE AND UPPER UPSCALE | B752: 9 | C752: 1010.36 | D752: 2420.8681 | E752: 7813.1662 | F752: 2066.7808 | G752: 1443.6441 | H752: 1785.5301 | I752: 2251.969 | J752: Measure 9 | K752: RegionSegment
A753: Toronto 200KM__UPSCALE AND UPPER UPSCALE | B753: 14 | C753: 269.25534 | D753: 2074.9951 | E753: 4070.2594 | F753: 903.34067 | G753: 1620.4468 | H753: 2073.7528 | I753: 2585.4976 | J753: Measure 9 | K753: RegionSegment
A754: CARIBBEAN__UPSCALE AND UPPER UPSCALE | B754: 22 | C754: 1810.4991 | D754: 5134.2784 | E754: 11802.314 | F754: 2338.5622 | G754: 3206.9673 | H754: 4384.0669 | I754: 6715.3749 | J754: Measure 9 | K754: RegionSegment
A755: N/A__TIMESHARE | B755: 45 | C755: 107.88757 | D755: 2209.0337 | E755: 6105.0175 | F755: 1168.6918 | G755: 1504.6491 | H755: 2112.2044 | I755: 2668.1159 | J755: Measure 9 | K755: RegionSegment
A756: N/A__LUXURY | B756: 186 | C756: 397.06986 | D756: 3219.4557 | E756: 14662.372 | F756: 2313.3387 | G756: 1732.2997 | H756: 2691.9881 | I756: 3937.3489 | J756: Measure 9 | K756: RegionSegment
A757: N/A__UPPER MIDSCALE | B757: 410 | C757: 133.75558 | D757: 2554.0753 | E757: 11164.529 | F757: 1065.6864 | G757: 1913.4334 | H757: 2445.4013 | I757: 3064.1804 | J757: Measure 9 | K757: RegionSegment
A758: N/A__UPSCALE AND UPPER UPSCALE | B758: 1903 | C758: 138.56847 | D758: 2479.1191 | E758: 11419.295 | F758: 1210.2848 | G758: 1730.428 | H758: 2245.6315 | I758: 2908.5941 | J758: Measure 9 | K758: RegionSegment
A759: Grand Total | B759: 2597 | C759: 107.88757 | D759: 2557.2275 | E759: 14662.372 | F759: 1348.4228 | G759: #NUM! | H759: #NUM! | I759: #NUM! | J759: #NUM! | K759: RegionSegment

Sheet Legend
A1: LOOKUP | B1: __UPPER MIDSCALE | C1: __UPSCALE AND UPPER UPSCALE | D1: __LUXURY | E1: GEOGRAPHY | F1: COUNTRY | H1: TYPE | I1: GEOGRAPHY DATA SET
A2: Albany-Schenectady-Troy, NY | B2: =CONCATENATE($A2,B$1) -> Albany-Schenectady-Troy, NY__UPPER MIDSCALE | C2: =CONCATENATE($A2,C$1) -> Albany-Schenectady-Troy, NY__UPSCALE AND UPPER UPSCALE | D2: =CONCATENATE($A2,D$1) -> Albany-Schenectady-Troy, NY__LUXURY | E2: Albany | F2: USA | H2: MSA | I2: Albany-Schenectady-Troy, NY
A3: ALBERTA CANADA | B3: =CONCATENATE($A3,B$1) -> ALBERTA CANADA__UPPER MIDSCALE | C3: =CONCATENATE($A3,C$1) -> ALBERTA CANADA__UPSCALE AND UPPER UPSCALE | D3: =CONCATENATE($A3,D$1) -> ALBERTA CANADA__LUXURY | E3: ALBERTA PROVINCE | F3: CANADA | H3: REGION | I3: Alberta Province
A4: Albuquerque, NM | B4: =CONCATENATE($A4,B$1) -> Albuquerque, NM__UPPER MIDSCALE | C4: =CONCATENATE($A4,C$1) -> Albuquerque, NM__UPSCALE AND UPPER UPSCALE | D4: =CONCATENATE($A4,D$1) -> Albuquerque, NM__LUXURY | E4: Albuquerque | F4: USA | H4: MSA | I4: Albuquerque, NM
A5: Atlanta-Sandy Springs-Roswell, GA | B5: =CONCATENATE($A5,B$1) -> Atlanta-Sandy Springs-Roswell, GA__UPPER MIDSCALE | C5: =CONCATENATE($A5,C$1) -> Atlanta-Sandy Springs-Roswell, GA__UPSCALE AND UPPER UPSCALE | D5: =CONCATENATE($A5,D$1) -> Atlanta-Sandy Springs-Roswell, GA__LUXURY | E5: Atlanta | F5: USA | H5: MSA | I5: Atlanta-Sandy Springs-Roswell, GA
A6: Austin-Round Rock, TX | B6: =CONCATENATE($A6,B$1) -> Austin-Round Rock, TX__UPPER MIDSCALE | C6: =CONCATENATE($A6,C$1) -> Austin-Round Rock, TX__UPSCALE AND UPPER UPSCALE | D6: =CONCATENATE($A6,D$1) -> Austin-Round Rock, TX__LUXURY | E6: Austin | F6: USA | H6: MSA | I6: Austin-Round Rock, TX
A7: AUSTRIA | B7: =CONCATENATE($A7,B$1) -> AUSTRIA__UPPER MIDSCALE | C7: =CONCATENATE($A7,C$1) -> AUSTRIA__UPSCALE AND UPPER UPSCALE | D7: =CONCATENATE($A7,D$1) -> AUSTRIA__LUXURY | E7: AUSTRIA | F7: AUSTRIA | H7: COUNTRY | I7: AUSTRIA
A8: AUSTRALIA | B8: =CONCATENATE($A8,B$1) -> AUSTRALIA__UPPER MIDSCALE | C8: =CONCATENATE($A8,C$1) -> AUSTRALIA__UPSCALE AND UPPER UPSCALE | D8: =CONCATENATE($A8,D$1) -> AUSTRALIA__LUXURY | E8: AUSTRALIA | F8: AUSTRALIA | H8: COUNTRY | I8: AUSTRALIA
A9: BAJIO-CENTRAL MEXICO | B9: =CONCATENATE($A9,B$1) -> BAJIO-CENTRAL MEXICO__UPPER MIDSCALE | C9: =CONCATENATE($A9,C$1) -> BAJIO-CENTRAL MEXICO__UPSCALE AND UPPER UPSCALE | D9: =CONCATENATE($A9,D$1) -> BAJIO-CENTRAL MEXICO__LUXURY | E9: BAJIO-CENTRAL MEXICO REGION | F9: MEXICO | H9: REGION | I9: Guanajuato, Queretaro, Puebla, Baja California Norte, Baja California Sur, San Luis Potosi, Veracruz
A10: Baltimore-Columbia-Towson, MD | B10: =CONCATENATE($A10,B$1) -> Baltimore-Columbia-Towson, MD__UPPER MIDSCALE | C10: =CONCATENATE($A10,C$1) -> Baltimore-Columbia-Towson, MD__UPSCALE AND UPPER UPSCALE | D10: =CONCATENATE($A10,D$1) -> Baltimore-Columbia-Towson, MD__LUXURY | E10: Baltimore | F10: USA | H10: MSA | I10: Baltimore-Columbia-Towson, MD
A11: BANGKOK | B11: =CONCATENATE($A11,B$1) -> BANGKOK__UPPER MIDSCALE | C11: =CONCATENATE($A11,C$1) -> BANGKOK__UPSCALE AND UPPER UPSCALE | D11: =CONCATENATE($A11,D$1) -> BANGKOK__LUXURY | E11: Bangkok | F11: THAILAND | H11: MSA | I11: Bangkok
A12: BANGKOK 200KM | B12: =CONCATENATE($A12,B$1) -> BANGKOK 200KM__UPPER MIDSCALE | C12: =CONCATENATE($A12,C$1) -> BANGKOK 200KM__UPSCALE AND UPPER UPSCALE | D12: =CONCATENATE($A12,D$1) -> BANGKOK 200KM__LUXURY | E12: BANGKOK 200KM RADIUS | F12: THAILAND | H12: REGION | I12: Bangkok, Pattaya, Hua Hin, Rayong
A13: Baton Rouge, LA | B13: =CONCATENATE($A13,B$1) -> Baton Rouge, LA__UPPER MIDSCALE | C13: =CONCATENATE($A13,C$1) -> Baton Rouge, LA__UPSCALE AND UPPER UPSCALE | D13: =CONCATENATE($A13,D$1) -> Baton Rouge, LA__LUXURY | E13: Baton Rouge | F13: USA | H13: MSA | I13: Baton Rouge, LA
... A122: ZHEJIANG CHINA | B122: =CONCATENATE($A122,B$1) -> ZHEJIANG CHINA__UPPER MIDSCALE | C122: =CONCATENATE($A122,C$1) -> ZHEJIANG CHINA__UPSCALE AND UPPER UPSCALE | D122: =CONCATENATE($A122,D$1) -> ZHEJIANG CHINA__LUXURY | E122: ZHEJIANG PROVINCE | F122: CHINA | H122: REGION | I122: Zhejiang province
A127: MEASURE 1: HCMI Rooms Footprint Per Occupied Room (kgCO2e)
A128: MEASURE 2: Hotel Carbon Footprint Per Room (kgCO2e)
A129: MEASURE 3: Hotel Carbon Footprint Per Occupied Room (kgCO2e)
A130: MEASURE 4: Hotel Carbon Footprint Per Square Meter (kgCO2e)
A131: MEASURE 4a: Hotel Carbon Footprint Per Square Foot (kgCO2e)
A132: MEASURE 5: Hotel Energy Usage Per Occupied Room (kWh)
A133: MEASURE 6: Hotel Energy Usage Per Square Meter (kWh)
A134: MEASURE 6a: Hotel Energy Usage Per Square Foot (kWh)
A135: MEASURE 7: HCMI Meetings Footprint Per SQM-HR (kgCO2e)
A136: MEASURE 8: Hotel Water Usage Per Occupied Room (L)
A137: MEASURE 9: Hotel Water Usage Per Square Meter (L)
A138: MEASURE 9a: Hotel Water Usage Per Square Foot (L)

Sheet Template
A1: TEMPLATE
A2: GEOGRAPHY | C2: Economy and Midscale | K2: Upper Midscale | S2: Upscale and Upper Upscale | AA2: Luxury | AI2: Collapsed All
A3: Region | B3: Country | C3: Count | D3: Low | E3: Lower Quartile | F3: Mean | G3: Median | H3: Higher Quartile | I3: High | J3: SD | K3: Count | L3: Low | M3: Lower Quartile | N3: Mean | O3: Median | P3: Higher Quartile | Q3: High | R3: SD | S3: Count | T3: Low | U3: Lower Quartile | V3: Mean | W3: Median | X3: Higher Quartile | Y3: High | Z3: SD | AA3: Count | AB3: Low | AC3: Lower Quartile | AD3: Mean | AE3: Median | AF3: Higher Quartile | AG3: High | AH3: SD | AI3: Count | AJ3: Low | AK3: Lower Quartile | AL3: Mean | AM3: Median | AN3: Higher Quartile | AO3: High | AP3: SD
A4: Albany | B4: USA | K4: =IFERROR(VLOOKUP(Legend!$B2,Import!$A$2:$I$4000,2,FALSE),"") | L4: =IFERROR(VLOOKUP(Legend!$B2,Import!$A$2:$I$4000,3,FALSE),"") | M4: =IFERROR(VLOOKUP(Legend!$B2,Import!$A$2:$I$4000,7,FALSE),"") | N4: =IFERROR(VLOOKUP(Legend!$B2,Import!$A$2:$I$4000,4,FALSE),"") | O4: =IFERROR(VLOOKUP(Legend!$B2,Import!$A$2:$I$4000,8,FALSE),"") | P4: =IFERROR(VLOOKUP(Legend!$B2,Import!$A$2:$I$4000,9,FALSE),"") | Q4: =IFERROR(VLOOKUP(Legend!$B2,Import!$A$2:$I$4000,5,FALSE),"") | R4: =IFERROR(VLOOKUP(Legend!$B2,Import!$A$2:$I$4000,6,FALSE),"") | S4: =IFERROR(VLOOKUP(Legend!$C2,Import!$A$2:$I$4000,2,FALSE),"") | T4: =IFERROR(VLOOKUP(Legend!$C2,Import!$A$2:$I$4000,3,FALSE),"") | U4: =IFERROR(VLOOKUP(Legend!$C2,Import!$A$2:$I$4000,7,FALSE),"") | V4: =IFERROR(VLOOKUP(Legend!$C2,Import!$A$2:$I$4000,4,FALSE),"") | W4: =IFERROR(VLOOKUP(Legend!$C2,Import!$A$2:$I$4000,8,FALSE),"") | X4: =IFERROR(VLOOKUP(Legend!$C2,Import!$A$2:$I$4000,9,FALSE),"") | Y4: =IFERROR(VLOOKUP(Legend!$C2,Import!$A$2:$I$4000,5,FALSE),"") | Z4: =IFERROR(VLOOKUP(Legend!$C2,Import!$A$2:$I$4000,6,FALSE),"") | AA4: =IFERROR(VLOOKUP(Legend!$D2,Import!$A$2:$I$4000,2,FALSE),"") | AB4: =IFERROR(VLOOKUP(Legend!$D2,Import!$A$2:$I$4000,3,FALSE),"") | AC4: =IFERROR(VLOOKUP(Legend!$D2,Import!$A$2:$I$4000,7,FALSE),"") | AD4: =IFERROR(VLOOKUP(Legend!$D2,Import!$A$2:$I$4000,4,FALSE),"") | AE4: =IFERROR(VLOOKUP(Legend!$D2,Import!$A$2:$I$4000,8,FALSE),"") | AF4: =IFERROR(VLOOKUP(Legend!$D2,Import!$A$2:$I$4000,9,FALSE),"") | AG4: =IFERROR(VLOOKUP(Legend!$D2,Import!$A$2:$I$4000,5,FALSE),"") | AH4: =IFERROR(VLOOKUP(Legend!$D2,Import!$A$2:$I$4000,6,FALSE),"") | AI4: =IFERROR(VLOOKUP(Legend!$A2,Import!$A$2:$I$4000,2,FALSE),"") | AJ4: =IFERROR(VLOOKUP(Legend!$A2,Import!$A$2:$I$4000,3,FALSE),"") | AK4: =IFERROR(VLOOKUP(Legend!$A2,Import!$A$2:$I$4000,7,FALSE),"") | AL4: =IFERROR(VLOOKUP(Legend!$A2,Import!$A$2:$I$4000,4,FALSE),"") | AM4: =IFERROR(VLOOKUP(Legend!$A2,Import!$A$2:$I$4000,8,FALSE),"") | AN4: =IFERROR(VLOOKUP(Legend!$A2,Import!$A$2:$I$4000,9,FALSE),"") | AO4: =IFERROR(VLOOKUP(Legend!$A2,Import!$A$2:$I$4000,5,FALSE),"") | AP4: =IFERROR(VLOOKUP(Legend!$A2,Import!$A$2:$I$4000,6,FALSE),"")
A5: ALBERTA PROVINCE | B5: CANADA | K5: =IFERROR(VLOOKUP(Legend!$B3,Import!$A$2:$I$4000,2,FALSE),"") | L5: =IFERROR(VLOOKUP(Legend!$B3,Import!$A$2:$I$4000,3,FALSE),"") | M5: =IFERROR(VLOOKUP(Legend!$B3,Import!$A$2:$I$4000,7,FALSE),"") | N5: =IFERROR(VLOOKUP(Legend!$B3,Import!$A$2:$I$4000,4,FALSE),"") | O5: =IFERROR(VLOOKUP(Legend!$B3,Import!$A$2:$I$4000,8,FALSE),"") | P5: =IFERROR(VLOOKUP(Legend!$B3,Import!$A$2:$I$4000,9,FALSE),"") | Q5: =IFERROR(VLOOKUP(Legend!$B3,Import!$A$2:$I$4000,5,FALSE),"") | R5: =IFERROR(VLOOKUP(Legend!$B3,Import!$A$2:$I$4000,6,FALSE),"") | S5: =IFERROR(VLOOKUP(Legend!$C3,Import!$A$2:$I$4000,2,FALSE),"") | T5: =IFERROR(VLOOKUP(Legend!$C3,Import!$A$2:$I$4000,3,FALSE),"") | U5: =IFERROR(VLOOKUP(Legend!$C3,Import!$A$2:$I$4000,7,FALSE),"") | V5: =IFERROR(VLOOKUP(Legend!$C3,Import!$A$2:$I$4000,4,FALSE),"") | W5: =IFERROR(VLOOKUP(Legend!$C3,Import!$A$2:$I$4000,8,FALSE),"") | X5: =IFERROR(VLOOKUP(Legend!$C3,Import!$A$2:$I$4000,9,FALSE),"") | Y5: =IFERROR(VLOOKUP(Legend!$C3,Import!$A$2:$I$4000,5,FALSE),"") | Z5: =IFERROR(VLOOKUP(Legend!$C3,Import!$A$2:$I$4000,6,FALSE),"") | AA5: =IFERROR(VLOOKUP(Legend!$D3,Import!$A$2:$I$4000,2,FALSE),"") | AB5: =IFERROR(VLOOKUP(Legend!$D3,Import!$A$2:$I$4000,3,FALSE),"") | AC5: =IFERROR(VLOOKUP(Legend!$D3,Import!$A$2:$I$4000,7,FALSE),"") | AD5: =IFERROR(VLOOKUP(Legend!$D3,Import!$A$2:$I$4000,4,FALSE),"") | AE5: =IFERROR(VLOOKUP(Legend!$D3,Import!$A$2:$I$4000,8,FALSE),"") | AF5: =IFERROR(VLOOKUP(Legend!$D3,Import!$A$2:$I$4000,9,FALSE),"") | AG5: =IFERROR(VLOOKUP(Legend!$D3,Import!$A$2:$I$4000,5,FALSE),"") | AH5: =IFERROR(VLOOKUP(Legend!$D3,Import!$A$2:$I$4000,6,FALSE),"") | AI5: =IFERROR(VLOOKUP(Legend!$A3,Import!$A$2:$I$4000,2,FALSE),"") | AJ5: =IFERROR(VLOOKUP(Legend!$A3,Import!$A$2:$I$4000,3,FALSE),"") | AK5: =IFERROR(VLOOKUP(Legend!$A3,Import!$A$2:$I$4000,7,FALSE),"") | AL5: =IFERROR(VLOOKUP(Legend!$A3,Import!$A$2:$I$4000,4,FALSE),"") | AM5: =IFERROR(VLOOKUP(Legend!$A3,Import!$A$2:$I$4000,8,FALSE),"") | AN5: =IFERROR(VLOOKUP(Legend!$A3,Import!$A$2:$I$4000,9,FALSE),"") | AO5: =IFERROR(VLOOKUP(Legend!$A3,Import!$A$2:$I$4000,5,FALSE),"") | AP5: =IFERROR(VLOOKUP(Legend!$A3,Import!$A$2:$I$4000,6,FALSE),"")
A6: Albuquerque | B6: USA | K6: =IFERROR(VLOOKUP(Legend!$B4,Import!$A$2:$I$4000,2,FALSE),"") | L6: =IFERROR(VLOOKUP(Legend!$B4,Import!$A$2:$I$4000,3,FALSE),"") | M6: =IFERROR(VLOOKUP(Legend!$B4,Import!$A$2:$I$4000,7,FALSE),"") | N6: =IFERROR(VLOOKUP(Legend!$B4,Import!$A$2:$I$4000,4,FALSE),"") | O6: =IFERROR(VLOOKUP(Legend!$B4,Import!$A$2:$I$4000,8,FALSE),"") | P6: =IFERROR(VLOOKUP(Legend!$B4,Import!$A$2:$I$4000,9,FALSE),"") | Q6: =IFERROR(VLOOKUP(Legend!$B4,Import!$A$2:$I$4000,5,FALSE),"") | R6: =IFERROR(VLOOKUP(Legend!$B4,Import!$A$2:$I$4000,6,FALSE),"") | S6: =IFERROR(VLOOKUP(Legend!$C4,Import!$A$2:$I$4000,2,FALSE),"") | T6: =IFERROR(VLOOKUP(Legend!$C4,Import!$A$2:$I$4000,3,FALSE),"") | U6: =IFERROR(VLOOKUP(Legend!$C4,Import!$A$2:$I$4000,7,FALSE),"") | V6: =IFERROR(VLOOKUP(Legend!$C4,Import!$A$2:$I$4000,4,FALSE),"") | W6: =IFERROR(VLOOKUP(Legend!$C4,Import!$A$2:$I$4000,8,FALSE),"") | X6: =IFERROR(VLOOKUP(Legend!$C4,Import!$A$2:$I$4000,9,FALSE),"") | Y6: =IFERROR(VLOOKUP(Legend!$C4,Import!$A$2:$I$4000,5,FALSE),"") | Z6: =IFERROR(VLOOKUP(Legend!$C4,Import!$A$2:$I$4000,6,FALSE),"") | AA6: =IFERROR(VLOOKUP(Legend!$D4,Import!$A$2:$I$4000,2,FALSE),"") | AB6: =IFERROR(VLOOKUP(Legend!$D4,Import!$A$2:$I$4000,3,FALSE),"") | AC6: =IFERROR(VLOOKUP(Legend!$D4,Import!$A$2:$I$4000,7,FALSE),"") | AD6: =IFERROR(VLOOKUP(Legend!$D4,Import!$A$2:$I$4000,4,FALSE),"") | AE6: =IFERROR(VLOOKUP(Legend!$D4,Import!$A$2:$I$4000,8,FALSE),"") | AF6: =IFERROR(VLOOKUP(Legend!$D4,Import!$A$2:$I$4000,9,FALSE),"") | AG6: =IFERROR(VLOOKUP(Legend!$D4,Import!$A$2:$I$4000,5,FALSE),"") | AH6: =IFERROR(VLOOKUP(Legend!$D4,Import!$A$2:$I$4000,6,FALSE),"") | AI6: =IFERROR(VLOOKUP(Legend!$A4,Import!$A$2:$I$4000,2,FALSE),"") | AJ6: =IFERROR(VLOOKUP(Legend!$A4,Import!$A$2:$I$4000,3,FALSE),"") | AK6: =IFERROR(VLOOKUP(Legend!$A4,Import!$A$2:$I$4000,7,FALSE),"") | AL6: =IFERROR(VLOOKUP(Legend!$A4,Import!$A$2:$I$4000,4,FALSE),"") | AM6: =IFERROR(VLOOKUP(Legend!$A4,Import!$A$2:$I$4000,8,FALSE),"") | AN6: =IFERROR(VLOOKUP(Legend!$A4,Import!$A$2:$I$4000,9,FALSE),"") | AO6: =IFERROR(VLOOKUP(Legend!$A4,Import!$A$2:$I$4000,5,FALSE),"") | AP6: =IFERROR(VLOOKUP(Legend!$A4,Import!$A$2:$I$4000,6,FALSE),"")
A7: Atlanta | B7: USA | K7: =IFERROR(VLOOKUP(Legend!$B5,Import!$A$2:$I$4000,2,FALSE),"") | L7: =IFERROR(VLOOKUP(Legend!$B5,Import!$A$2:$I$4000,3,FALSE),"") | M7: =IFERROR(VLOOKUP(Legend!$B5,Import!$A$2:$I$4000,7,FALSE),"") | N7: =IFERROR(VLOOKUP(Legend!$B5,Import!$A$2:$I$4000,4,FALSE),"") | O7: =IFERROR(VLOOKUP(Legend!$B5,Import!$A$2:$I$4000,8,FALSE),"") | P7: =IFERROR(VLOOKUP(Legend!$B5,Import!$A$2:$I$4000,9,FALSE),"") | Q7: =IFERROR(VLOOKUP(Legend!$B5,Import!$A$2:$I$4000,5,FALSE),"") | R7: =IFERROR(VLOOKUP(Legend!$B5,Import!$A$2:$I$4000,6,FALSE),"") | S7: =IFERROR(VLOOKUP(Legend!$C5,Import!$A$2:$I$4000,2,FALSE),"") | T7: =IFERROR(VLOOKUP(Legend!$C5,Import!$A$2:$I$4000,3,FALSE),"") | U7: =IFERROR(VLOOKUP(Legend!$C5,Import!$A$2:$I$4000,7,FALSE),"") | V7: =IFERROR(VLOOKUP(Legend!$C5,Import!$A$2:$I$4000,4,FALSE),"") | W7: =IFERROR(VLOOKUP(Legend!$C5,Import!$A$2:$I$4000,8,FALSE),"") | X7: =IFERROR(VLOOKUP(Legend!$C5,Import!$A$2:$I$4000,9,FALSE),"") | Y7: =IFERROR(VLOOKUP(Legend!$C5,Import!$A$2:$I$4000,5,FALSE),"") | Z7: =IFERROR(VLOOKUP(Legend!$C5,Import!$A$2:$I$4000,6,FALSE),"") | AA7: =IFERROR(VLOOKUP(Legend!$D5,Import!$A$2:$I$4000,2,FALSE),"") | AB7: =IFERROR(VLOOKUP(Legend!$D5,Import!$A$2:$I$4000,3,FALSE),"") | AC7: =IFERROR(VLOOKUP(Legend!$D5,Import!$A$2:$I$4000,7,FALSE),"") | AD7: =IFERROR(VLOOKUP(Legend!$D5,Import!$A$2:$I$4000,4,FALSE),"") | AE7: =IFERROR(VLOOKUP(Legend!$D5,Import!$A$2:$I$4000,8,FALSE),"") | AF7: =IFERROR(VLOOKUP(Legend!$D5,Import!$A$2:$I$4000,9,FALSE),"") | AG7: =IFERROR(VLOOKUP(Legend!$D5,Import!$A$2:$I$4000,5,FALSE),"") | AH7: =IFERROR(VLOOKUP(Legend!$D5,Import!$A$2:$I$4000,6,FALSE),"") | AI7: =IFERROR(VLOOKUP(Legend!$A5,Import!$A$2:$I$4000,2,FALSE),"") | AJ7: =IFERROR(VLOOKUP(Legend!$A5,Import!$A$2:$I$4000,3,FALSE),"") | AK7: =IFERROR(VLOOKUP(Legend!$A5,Import!$A$2:$I$4000,7,FALSE),"") | AL7: =IFERROR(VLOOKUP(Legend!$A5,Import!$A$2:$I$4000,4,FALSE),"") | AM7: =IFERROR(VLOOKUP(Legend!$A5,Import!$A$2:$I$4000,8,FALSE),"") | AN7: =IFERROR(VLOOKUP(Legend!$A5,Import!$A$2:$I$4000,9,FALSE),"") | AO7: =IFERROR(VLOOKUP(Legend!$A5,Import!$A$2:$I$4000,5,FALSE),"") | AP7: =IFERROR(VLOOKUP(Legend!$A5,Import!$A$2:$I$4000,6,FALSE),"")
A8: Austin | B8: USA | K8: =IFERROR(VLOOKUP(Legend!$B6,Import!$A$2:$I$4000,2,FALSE),"") | L8: =IFERROR(VLOOKUP(Legend!$B6,Import!$A$2:$I$4000,3,FALSE),"") | M8: =IFERROR(VLOOKUP(Legend!$B6,Import!$A$2:$I$4000,7,FALSE),"") | N8: =IFERROR(VLOOKUP(Legend!$B6,Import!$A$2:$I$4000,4,FALSE),"") | O8: =IFERROR(VLOOKUP(Legend!$B6,Import!$A$2:$I$4000,8,FALSE),"") | P8: =IFERROR(VLOOKUP(Legend!$B6,Import!$A$2:$I$4000,9,FALSE),"") | Q8: =IFERROR(VLOOKUP(Legend!$B6,Import!$A$2:$I$4000,5,FALSE),"") | R8: =IFERROR(VLOOKUP(Legend!$B6,Import!$A$2:$I$4000,6,FALSE),"") | S8: =IFERROR(VLOOKUP(Legend!$C6,Import!$A$2:$I$4000,2,FALSE),"") | T8: =IFERROR(VLOOKUP(Legend!$C6,Import!$A$2:$I$4000,3,FALSE),"") | U8: =IFERROR(VLOOKUP(Legend!$C6,Import!$A$2:$I$4000,7,FALSE),"") | V8: =IFERROR(VLOOKUP(Legend!$C6,Import!$A$2:$I$4000,4,FALSE),"") | W8: =IFERROR(VLOOKUP(Legend!$C6,Import!$A$2:$I$4000,8,FALSE),"") | X8: =IFERROR(VLOOKUP(Legend!$C6,Import!$A$2:$I$4000,9,FALSE),"") | Y8: =IFERROR(VLOOKUP(Legend!$C6,Import!$A$2:$I$4000,5,FALSE),"") | Z8: =IFERROR(VLOOKUP(Legend!$C6,Import!$A$2:$I$4000,6,FALSE),"") | AA8: =IFERROR(VLOOKUP(Legend!$D6,Import!$A$2:$I$4000,2,FALSE),"") | AB8: =IFERROR(VLOOKUP(Legend!$D6,Import!$A$2:$I$4000,3,FALSE),"") | AC8: =IFERROR(VLOOKUP(Legend!$D6,Import!$A$2:$I$4000,7,FALSE),"") | AD8: =IFERROR(VLOOKUP(Legend!$D6,Import!$A$2:$I$4000,4,FALSE),"") | AE8: =IFERROR(VLOOKUP(Legend!$D6,Import!$A$2:$I$4000,8,FALSE),"") | AF8: =IFERROR(VLOOKUP(Legend!$D6,Import!$A$2:$I$4000,9,FALSE),"") | AG8: =IFERROR(VLOOKUP(Legend!$D6,Import!$A$2:$I$4000,5,FALSE),"") | AH8: =IFERROR(VLOOKUP(Legend!$D6,Import!$A$2:$I$4000,6,FALSE),"") | AI8: =IFERROR(VLOOKUP(Legend!$A6,Import!$A$2:$I$4000,2,FALSE),"") | AJ8: =IFERROR(VLOOKUP(Legend!$A6,Import!$A$2:$I$4000,3,FALSE),"") | AK8: =IFERROR(VLOOKUP(Legend!$A6,Import!$A$2:$I$4000,7,FALSE),"") | AL8: =IFERROR(VLOOKUP(Legend!$A6,Import!$A$2:$I$4000,4,FALSE),"") | AM8: =IFERROR(VLOOKUP(Legend!$A6,Import!$A$2:$I$4000,8,FALSE),"") | AN8: =IFERROR(VLOOKUP(Legend!$A6,Import!$A$2:$I$4000,9,FALSE),"") | AO8: =IFERROR(VLOOKUP(Legend!$A6,Import!$A$2:$I$4000,5,FALSE),"") | AP8: =IFERROR(VLOOKUP(Legend!$A6,Import!$A$2:$I$4000,6,FALSE),"")
A9: AUSTRIA | B9: AUSTRIA | K9: =IFERROR(VLOOKUP(Legend!$B7,Import!$A$2:$I$4000,2,FALSE),"") | L9: =IFERROR(VLOOKUP(Legend!$B7,Import!$A$2:$I$4000,3,FALSE),"") | M9: =IFERROR(VLOOKUP(Legend!$B7,Import!$A$2:$I$4000,7,FALSE),"") | N9: =IFERROR(VLOOKUP(Legend!$B7,Import!$A$2:$I$4000,4,FALSE),"") | O9: =IFERROR(VLOOKUP(Legend!$B7,Import!$A$2:$I$4000,8,FALSE),"") | P9: =IFERROR(VLOOKUP(Legend!$B7,Import!$A$2:$I$4000,9,FALSE),"") | Q9: =IFERROR(VLOOKUP(Legend!$B7,Import!$A$2:$I$4000,5,FALSE),"") | R9: =IFERROR(VLOOKUP(Legend!$B7,Import!$A$2:$I$4000,6,FALSE),"") | S9: =IFERROR(VLOOKUP(Legend!$C7,Import!$A$2:$I$4000,2,FALSE),"") | T9: =IFERROR(VLOOKUP(Legend!$C7,Import!$A$2:$I$4000,3,FALSE),"") | U9: =IFERROR(VLOOKUP(Legend!$C7,Import!$A$2:$I$4000,7,FALSE),"") | V9: =IFERROR(VLOOKUP(Legend!$C7,Import!$A$2:$I$4000,4,FALSE),"") | W9: =IFERROR(VLOOKUP(Legend!$C7,Import!$A$2:$I$4000,8,FALSE),"") | X9: =IFERROR(VLOOKUP(Legend!$C7,Import!$A$2:$I$4000,9,FALSE),"") | Y9: =IFERROR(VLOOKUP(Legend!$C7,Import!$A$2:$I$4000,5,FALSE),"") | Z9: =IFERROR(VLOOKUP(Legend!$C7,Import!$A$2:$I$4000,6,FALSE),"") | AA9: =IFERROR(VLOOKUP(Legend!$D7,Import!$A$2:$I$4000,2,FALSE),"") | AB9: =IFERROR(VLOOKUP(Legend!$D7,Import!$A$2:$I$4000,3,FALSE),"") | AC9: =IFERROR(VLOOKUP(Legend!$D7,Import!$A$2:$I$4000,7,FALSE),"") | AD9: =IFERROR(VLOOKUP(Legend!$D7,Import!$A$2:$I$4000,4,FALSE),"") | AE9: =IFERROR(VLOOKUP(Legend!$D7,Import!$A$2:$I$4000,8,FALSE),"") | AF9: =IFERROR(VLOOKUP(Legend!$D7,Import!$A$2:$I$4000,9,FALSE),"") | AG9: =IFERROR(VLOOKUP(Legend!$D7,Import!$A$2:$I$4000,5,FALSE),"") | AH9: =IFERROR(VLOOKUP(Legend!$D7,Import!$A$2:$I$4000,6,FALSE),"") | AI9: =IFERROR(VLOOKUP(Legend!$A7,Import!$A$2:$I$4000,2,FALSE),"") | AJ9: =IFERROR(VLOOKUP(Legend!$A7,Import!$A$2:$I$4000,3,FALSE),"") | AK9: =IFERROR(VLOOKUP(Legend!$A7,Import!$A$2:$I$4000,7,FALSE),"") | AL9: =IFERROR(VLOOKUP(Legend!$A7,Import!$A$2:$I$4000,4,FALSE),"") | AM9: =IFERROR(VLOOKUP(Legend!$A7,Import!$A$2:$I$4000,8,FALSE),"") | AN9: =IFERROR(VLOOKUP(Legend!$A7,Import!$A$2:$I$4000,9,FALSE),"") | AO9: =IFERROR(VLOOKUP(Legend!$A7,Import!$A$2:$I$4000,5,FALSE),"") | AP9: =IFERROR(VLOOKUP(Legend!$A7,Import!$A$2:$I$4000,6,FALSE),"")
A10: AUSTRALIA | B10: AUSTRALIA | K10: =IFERROR(VLOOKUP(Legend!$B8,Import!$A$2:$I$4000,2,FALSE),"") | L10: =IFERROR(VLOOKUP(Legend!$B8,Import!$A$2:$I$4000,3,FALSE),"") | M10: =IFERROR(VLOOKUP(Legend!$B8,Import!$A$2:$I$4000,7,FALSE),"") | N10: =IFERROR(VLOOKUP(Legend!$B8,Import!$A$2:$I$4000,4,FALSE),"") | O10: =IFERROR(VLOOKUP(Legend!$B8,Import!$A$2:$I$4000,8,FALSE),"") | P10: =IFERROR(VLOOKUP(Legend!$B8,Import!$A$2:$I$4000,9,FALSE),"") | Q10: =IFERROR(VLOOKUP(Legend!$B8,Import!$A$2:$I$4000,5,FALSE),"") | R10: =IFERROR(VLOOKUP(Legend!$B8,Import!$A$2:$I$4000,6,FALSE),"") | S10: =IFERROR(VLOOKUP(Legend!$C8,Import!$A$2:$I$4000,2,FALSE),"") | T10: =IFERROR(VLOOKUP(Legend!$C8,Import!$A$2:$I$4000,3,FALSE),"") | U10: =IFERROR(VLOOKUP(Legend!$C8,Import!$A$2:$I$4000,7,FALSE),"") | V10: =IFERROR(VLOOKUP(Legend!$C8,Import!$A$2:$I$4000,4,FALSE),"") | W10: =IFERROR(VLOOKUP(Legend!$C8,Import!$A$2:$I$4000,8,FALSE),"") | X10: =IFERROR(VLOOKUP(Legend!$C8,Import!$A$2:$I$4000,9,FALSE),"") | Y10: =IFERROR(VLOOKUP(Legend!$C8,Import!$A$2:$I$4000,5,FALSE),"") | Z10: =IFERROR(VLOOKUP(Legend!$C8,Import!$A$2:$I$4000,6,FALSE),"") | AA10: =IFERROR(VLOOKUP(Legend!$D8,Import!$A$2:$I$4000,2,FALSE),"") | AB10: =IFERROR(VLOOKUP(Legend!$D8,Import!$A$2:$I$4000,3,FALSE),"") | AC10: =IFERROR(VLOOKUP(Legend!$D8,Import!$A$2:$I$4000,7,FALSE),"") | AD10: =IFERROR(VLOOKUP(Legend!$D8,Import!$A$2:$I$4000,4,FALSE),"") | AE10: =IFERROR(VLOOKUP(Legend!$D8,Import!$A$2:$I$4000,8,FALSE),"") | AF10: =IFERROR(VLOOKUP(Legend!$D8,Import!$A$2:$I$4000,9,FALSE),"") | AG10: =IFERROR(VLOOKUP(Legend!$D8,Import!$A$2:$I$4000,5,FALSE),"") | AH10: =IFERROR(VLOOKUP(Legend!$D8,Import!$A$2:$I$4000,6,FALSE),"") | AI10: =IFERROR(VLOOKUP(Legend!$A8,Import!$A$2:$I$4000,2,FALSE),"") | AJ10: =IFERROR(VLOOKUP(Legend!$A8,Import!$A$2:$I$4000,3,FALSE),"") | AK10: =IFERROR(VLOOKUP(Legend!$A8,Import!$A$2:$I$4000,7,FALSE),"") | AL10: =IFERROR(VLOOKUP(Legend!$A8,Import!$A$2:$I$4000,4,FALSE),"") | AM10: =IFERROR(VLOOKUP(Legend!$A8,Import!$A$2:$I$4000,8,FALSE),"") | AN10: =IFERROR(VLOOKUP(Legend!$A8,Import!$A$2:$I$4000,9,FALSE),"") | AO10: =IFERROR(VLOOKUP(Legend!$A8,Import!$A$2:$I$4000,5,FALSE),"") | AP10: =IFERROR(VLOOKUP(Legend!$A8,Import!$A$2:$I$4000,6,FALSE),"")
A11: BAJIO-CENTRAL MEXICO REGION | B11: MEXICO | K11: =IFERROR(VLOOKUP(Legend!$B9,Import!$A$2:$I$4000,2,FALSE),"") | L11: =IFERROR(VLOOKUP(Legend!$B9,Import!$A$2:$I$4000,3,FALSE),"") | M11: =IFERROR(VLOOKUP(Legend!$B9,Import!$A$2:$I$4000,7,FALSE),"") | N11: =IFERROR(VLOOKUP(Legend!$B9,Import!$A$2:$I$4000,4,FALSE),"") | O11: =IFERROR(VLOOKUP(Legend!$B9,Import!$A$2:$I$4000,8,FALSE),"") | P11: =IFERROR(VLOOKUP(Legend!$B9,Import!$A$2:$I$4000,9,FALSE),"") | Q11: =IFERROR(VLOOKUP(Legend!$B9,Import!$A$2:$I$4000,5,FALSE),"") | R11: =IFERROR(VLOOKUP(Legend!$B9,Import!$A$2:$I$4000,6,FALSE),"") | S11: =IFERROR(VLOOKUP(Legend!$C9,Import!$A$2:$I$4000,2,FALSE),"") | T11: =IFERROR(VLOOKUP(Legend!$C9,Import!$A$2:$I$4000,3,FALSE),"") | U11: =IFERROR(VLOOKUP(Legend!$C9,Import!$A$2:$I$4000,7,FALSE),"") | V11: =IFERROR(VLOOKUP(Legend!$C9,Import!$A$2:$I$4000,4,FALSE),"") | W11: =IFERROR(VLOOKUP(Legend!$C9,Import!$A$2:$I$4000,8,FALSE),"") | X11: =IFERROR(VLOOKUP(Legend!$C9,Import!$A$2:$I$4000,9,FALSE),"") | Y11: =IFERROR(VLOOKUP(Legend!$C9,Import!$A$2:$I$4000,5,FALSE),"") | Z11: =IFERROR(VLOOKUP(Legend!$C9,Import!$A$2:$I$4000,6,FALSE),"") | AA11: =IFERROR(VLOOKUP(Legend!$D9,Import!$A$2:$I$4000,2,FALSE),"") | AB11: =IFERROR(VLOOKUP(Legend!$D9,Import!$A$2:$I$4000,3,FALSE),"") | AC11: =IFERROR(VLOOKUP(Legend!$D9,Import!$A$2:$I$4000,7,FALSE),"") | AD11: =IFERROR(VLOOKUP(Legend!$D9,Import!$A$2:$I$4000,4,FALSE),"") | AE11: =IFERROR(VLOOKUP(Legend!$D9,Import!$A$2:$I$4000,8,FALSE),"") | AF11: =IFERROR(VLOOKUP(Legend!$D9,Import!$A$2:$I$4000,9,FALSE),"") | AG11: =IFERROR(VLOOKUP(Legend!$D9,Import!$A$2:$I$4000,5,FALSE),"") | AH11: =IFERROR(VLOOKUP(Legend!$D9,Import!$A$2:$I$4000,6,FALSE),"") | AI11: =IFERROR(VLOOKUP(Legend!$A9,Import!$A$2:$I$4000,2,FALSE),"") | AJ11: =IFERROR(VLOOKUP(Legend!$A9,Import!$A$2:$I$4000,3,FALSE),"") | AK11: =IFERROR(VLOOKUP(Legend!$A9,Import!$A$2:$I$4000,7,FALSE),"") | AL11: =IFERROR(VLOOKUP(Legend!$A9,Import!$A$2:$I$4000,4,FALSE),"") | AM11: =IFERROR(VLOOKUP(Legend!$A9,Import!$A$2:$I$4000,8,FALSE),"") | AN11: =IFERROR(VLOOKUP(Legend!$A9,Import!$A$2:$I$4000,9,FALSE),"") | AO11: =IFERROR(VLOOKUP(Legend!$A9,Import!$A$2:$I$4000,5,FALSE),"") | AP11: =IFERROR(VLOOKUP(Legend!$A9,Import!$A$2:$I$4000,6,FALSE),"")
A12: Baltimore | B12: USA | K12: =IFERROR(VLOOKUP(Legend!$B10,Import!$A$2:$I$4000,2,FALSE),"") | L12: =IFERROR(VLOOKUP(Legend!$B10,Import!$A$2:$I$4000,3,FALSE),"") | M12: =IFERROR(VLOOKUP(Legend!$B10,Import!$A$2:$I$4000,7,FALSE),"") | N12: =IFERROR(VLOOKUP(Legend!$B10,Import!$A$2:$I$4000,4,FALSE),"") | O12: =IFERROR(VLOOKUP(Legend!$B10,Import!$A$2:$I$4000,8,FALSE),"") | P12: =IFERROR(VLOOKUP(Legend!$B10,Import!$A$2:$I$4000,9,FALSE),"") | Q12: =IFERROR(VLOOKUP(Legend!$B10,Import!$A$2:$I$4000,5,FALSE),"") | R12: =IFERROR(VLOOKUP(Legend!$B10,Import!$A$2:$I$4000,6,FALSE),"") | S12: =IFERROR(VLOOKUP(Legend!$C10,Import!$A$2:$I$4000,2,FALSE),"") | T12: =IFERROR(VLOOKUP(Legend!$C10,Import!$A$2:$I$4000,3,FALSE),"") | U12: =IFERROR(VLOOKUP(Legend!$C10,Import!$A$2:$I$4000,7,FALSE),"") | V12: =IFERROR(VLOOKUP(Legend!$C10,Import!$A$2:$I$4000,4,FALSE),"") | W12: =IFERROR(VLOOKUP(Legend!$C10,Import!$A$2:$I$4000,8,FALSE),"") | X12: =IFERROR(VLOOKUP(Legend!$C10,Import!$A$2:$I$4000,9,FALSE),"") | Y12: =IFERROR(VLOOKUP(Legend!$C10,Import!$A$2:$I$4000,5,FALSE),"") | Z12: =IFERROR(VLOOKUP(Legend!$C10,Import!$A$2:$I$4000,6,FALSE),"") | AA12: =IFERROR(VLOOKUP(Legend!$D10,Import!$A$2:$I$4000,2,FALSE),"") | AB12: =IFERROR(VLOOKUP(Legend!$D10,Import!$A$2:$I$4000,3,FALSE),"") | AC12: =IFERROR(VLOOKUP(Legend!$D10,Import!$A$2:$I$4000,7,FALSE),"") | AD12: =IFERROR(VLOOKUP(Legend!$D10,Import!$A$2:$I$4000,4,FALSE),"") | AE12: =IFERROR(VLOOKUP(Legend!$D10,Import!$A$2:$I$4000,8,FALSE),"") | AF12: =IFERROR(VLOOKUP(Legend!$D10,Import!$A$2:$I$4000,9,FALSE),"") | AG12: =IFERROR(VLOOKUP(Legend!$D10,Import!$A$2:$I$4000,5,FALSE),"") | AH12: =IFERROR(VLOOKUP(Legend!$D10,Import!$A$2:$I$4000,6,FALSE),"") | AI12: =IFERROR(VLOOKUP(Legend!$A10,Import!$A$2:$I$4000,2,FALSE),"") | AJ12: =IFERROR(VLOOKUP(Legend!$A10,Import!$A$2:$I$4000,3,FALSE),"") | AK12: =IFERROR(VLOOKUP(Legend!$A10,Import!$A$2:$I$4000,7,FALSE),"") | AL12: =IFERROR(VLOOKUP(Legend!$A10,Import!$A$2:$I$4000,4,FALSE),"") | AM12: =IFERROR(VLOOKUP(Legend!$A10,Import!$A$2:$I$4000,8,FALSE),"") | AN12: =IFERROR(VLOOKUP(Legend!$A10,Import!$A$2:$I$4000,9,FALSE),"") | AO12: =IFERROR(VLOOKUP(Legend!$A10,Import!$A$2:$I$4000,5,FALSE),"") | AP12: =IFERROR(VLOOKUP(Legend!$A10,Import!$A$2:$I$4000,6,FALSE),"")
A13: Bangkok | B13: THAILAND | K13: =IFERROR(VLOOKUP(Legend!$B11,Import!$A$2:$I$4000,2,FALSE),"") | L13: =IFERROR(VLOOKUP(Legend!$B11,Import!$A$2:$I$4000,3,FALSE),"") | M13: =IFERROR(VLOOKUP(Legend!$B11,Import!$A$2:$I$4000,7,FALSE),"") | N13: =IFERROR(VLOOKUP(Legend!$B11,Import!$A$2:$I$4000,4,FALSE),"") | O13: =IFERROR(VLOOKUP(Legend!$B11,Import!$A$2:$I$4000,8,FALSE),"") | P13: =IFERROR(VLOOKUP(Legend!$B11,Import!$A$2:$I$4000,9,FALSE),"") | Q13: =IFERROR(VLOOKUP(Legend!$B11,Import!$A$2:$I$4000,5,FALSE),"") | R13: =IFERROR(VLOOKUP(Legend!$B11,Import!$A$2:$I$4000,6,FALSE),"") | S13: =IFERROR(VLOOKUP(Legend!$C11,Import!$A$2:$I$4000,2,FALSE),"") | T13: =IFERROR(VLOOKUP(Legend!$C11,Import!$A$2:$I$4000,3,FALSE),"") | U13: =IFERROR(VLOOKUP(Legend!$C11,Import!$A$2:$I$4000,7,FALSE),"") | V13: =IFERROR(VLOOKUP(Legend!$C11,Import!$A$2:$I$4000,4,FALSE),"") | W13: =IFERROR(VLOOKUP(Legend!$C11,Import!$A$2:$I$4000,8,FALSE),"") | X13: =IFERROR(VLOOKUP(Legend!$C11,Import!$A$2:$I$4000,9,FALSE),"") | Y13: =IFERROR(VLOOKUP(Legend!$C11,Import!$A$2:$I$4000,5,FALSE),"") | Z13: =IFERROR(VLOOKUP(Legend!$C11,Import!$A$2:$I$4000,6,FALSE),"") | AA13: =IFERROR(VLOOKUP(Legend!$D11,Import!$A$2:$I$4000,2,FALSE),"") | AB13: =IFERROR(VLOOKUP(Legend!$D11,Import!$A$2:$I$4000,3,FALSE),"") | AC13: =IFERROR(VLOOKUP(Legend!$D11,Import!$A$2:$I$4000,7,FALSE),"") | AD13: =IFERROR(VLOOKUP(Legend!$D11,Import!$A$2:$I$4000,4,FALSE),"") | AE13: =IFERROR(VLOOKUP(Legend!$D11,Import!$A$2:$I$4000,8,FALSE),"") | AF13: =IFERROR(VLOOKUP(Legend!$D11,Import!$A$2:$I$4000,9,FALSE),"") | AG13: =IFERROR(VLOOKUP(Legend!$D11,Import!$A$2:$I$4000,5,FALSE),"") | AH13: =IFERROR(VLOOKUP(Legend!$D11,Import!$A$2:$I$4000,6,FALSE),"") | AI13: =IFERROR(VLOOKUP(Legend!$A11,Import!$A$2:$I$4000,2,FALSE),"") | AJ13: =IFERROR(VLOOKUP(Legend!$A11,Import!$A$2:$I$4000,3,FALSE),"") | AK13: =IFERROR(VLOOKUP(Legend!$A11,Import!$A$2:$I$4000,7,FALSE),"") | AL13: =IFERROR(VLOOKUP(Legend!$A11,Import!$A$2:$I$4000,4,FALSE),"") | AM13: =IFERROR(VLOOKUP(Legend!$A11,Import!$A$2:$I$4000,8,FALSE),"") | AN13: =IFERROR(VLOOKUP(Legend!$A11,Import!$A$2:$I$4000,9,FALSE),"") | AO13: =IFERROR(VLOOKUP(Legend!$A11,Import!$A$2:$I$4000,5,FALSE),"") | AP13: =IFERROR(VLOOKUP(Legend!$A11,Import!$A$2:$I$4000,6,FALSE),"")
A14: BANGKOK 200KM RADIUS | B14: THAILAND | K14: =IFERROR(VLOOKUP(Legend!$B12,Import!$A$2:$I$4000,2,FALSE),"") | L14: =IFERROR(VLOOKUP(Legend!$B12,Import!$A$2:$I$4000,3,FALSE),"") | M14: =IFERROR(VLOOKUP(Legend!$B12,Import!$A$2:$I$4000,7,FALSE),"") | N14: =IFERROR(VLOOKUP(Legend!$B12,Import!$A$2:$I$4000,4,FALSE),"") | O14: =IFERROR(VLOOKUP(Legend!$B12,Import!$A$2:$I$4000,8,FALSE),"") | P14: =IFERROR(VLOOKUP(Legend!$B12,Import!$A$2:$I$4000,9,FALSE),"") | Q14: =IFERROR(VLOOKUP(Legend!$B12,Import!$A$2:$I$4000,5,FALSE),"") | R14: =IFERROR(VLOOKUP(Legend!$B12,Import!$A$2:$I$4000,6,FALSE),"") | S14: =IFERROR(VLOOKUP(Legend!$C12,Import!$A$2:$I$4000,2,FALSE),"") | T14: =IFERROR(VLOOKUP(Legend!$C12,Import!$A$2:$I$4000,3,FALSE),"") | U14: =IFERROR(VLOOKUP(Legend!$C12,Import!$A$2:$I$4000,7,FALSE),"") | V14: =IFERROR(VLOOKUP(Legend!$C12,Import!$A$2:$I$4000,4,FALSE),"") | W14: =IFERROR(VLOOKUP(Legend!$C12,Import!$A$2:$I$4000,8,FALSE),"") | X14: =IFERROR(VLOOKUP(Legend!$C12,Import!$A$2:$I$4000,9,FALSE),"") | Y14: =IFERROR(VLOOKUP(Legend!$C12,Import!$A$2:$I$4000,5,FALSE),"") | Z14: =IFERROR(VLOOKUP(Legend!$C12,Import!$A$2:$I$4000,6,FALSE),"") | AA14: =IFERROR(VLOOKUP(Legend!$D12,Import!$A$2:$I$4000,2,FALSE),"") | AB14: =IFERROR(VLOOKUP(Legend!$D12,Import!$A$2:$I$4000,3,FALSE),"") | AC14: =IFERROR(VLOOKUP(Legend!$D12,Import!$A$2:$I$4000,7,FALSE),"") | AD14: =IFERROR(VLOOKUP(Legend!$D12,Import!$A$2:$I$4000,4,FALSE),"") | AE14: =IFERROR(VLOOKUP(Legend!$D12,Import!$A$2:$I$4000,8,FALSE),"") | AF14: =IFERROR(VLOOKUP(Legend!$D12,Import!$A$2:$I$4000,9,FALSE),"") | AG14: =IFERROR(VLOOKUP(Legend!$D12,Import!$A$2:$I$4000,5,FALSE),"") | AH14: =IFERROR(VLOOKUP(Legend!$D12,Import!$A$2:$I$4000,6,FALSE),"") | AI14: =IFERROR(VLOOKUP(Legend!$A12,Import!$A$2:$I$4000,2,FALSE),"") | AJ14: =IFERROR(VLOOKUP(Legend!$A12,Import!$A$2:$I$4000,3,FALSE),"") | AK14: =IFERROR(VLOOKUP(Legend!$A12,Import!$A$2:$I$4000,7,FALSE),"") | AL14: =IFERROR(VLOOKUP(Legend!$A12,Import!$A$2:$I$4000,4,FALSE),"") | AM14: =IFERROR(VLOOKUP(Legend!$A12,Import!$A$2:$I$4000,8,FALSE),"") | AN14: =IFERROR(VLOOKUP(Legend!$A12,Import!$A$2:$I$4000,9,FALSE),"") | AO14: =IFERROR(VLOOKUP(Legend!$A12,Import!$A$2:$I$4000,5,FALSE),"") | AP14: =IFERROR(VLOOKUP(Legend!$A12,Import!$A$2:$I$4000,6,FALSE),"")
A15: Baton Rouge | B15: USA | K15: =IFERROR(VLOOKUP(Legend!$B13,Import!$A$2:$I$4000,2,FALSE),"") | L15: =IFERROR(VLOOKUP(Legend!$B13,Import!$A$2:$I$4000,3,FALSE),"") | M15: =IFERROR(VLOOKUP(Legend!$B13,Import!$A$2:$I$4000,7,FALSE),"") | N15: =IFERROR(VLOOKUP(Legend!$B13,Import!$A$2:$I$4000,4,FALSE),"") | O15: =IFERROR(VLOOKUP(Legend!$B13,Import!$A$2:$I$4000,8,FALSE),"") | P15: =IFERROR(VLOOKUP(Legend!$B13,Import!$A$2:$I$4000,9,FALSE),"") | Q15: =IFERROR(VLOOKUP(Legend!$B13,Import!$A$2:$I$4000,5,FALSE),"") | R15: =IFERROR(VLOOKUP(Legend!$B13,Import!$A$2:$I$4000,6,FALSE),"") | S15: =IFERROR(VLOOKUP(Legend!$C13,Import!$A$2:$I$4000,2,FALSE),"") | T15: =IFERROR(VLOOKUP(Legend!$C13,Import!$A$2:$I$4000,3,FALSE),"") | U15: =IFERROR(VLOOKUP(Legend!$C13,Import!$A$2:$I$4000,7,FALSE),"") | V15: =IFERROR(VLOOKUP(Legend!$C13,Import!$A$2:$I$4000,4,FALSE),"") | W15: =IFERROR(VLOOKUP(Legend!$C13,Import!$A$2:$I$4000,8,FALSE),"") | X15: =IFERROR(VLOOKUP(Legend!$C13,Import!$A$2:$I$4000,9,FALSE),"") | Y15: =IFERROR(VLOOKUP(Legend!$C13,Import!$A$2:$I$4000,5,FALSE),"") | Z15: =IFERROR(VLOOKUP(Legend!$C13,Import!$A$2:$I$4000,6,FALSE),"") | AA15: =IFERROR(VLOOKUP(Legend!$D13,Import!$A$2:$I$4000,2,FALSE),"") | AB15: =IFERROR(VLOOKUP(Legend!$D13,Import!$A$2:$I$4000,3,FALSE),"") | AC15: =IFERROR(VLOOKUP(Legend!$D13,Import!$A$2:$I$4000,7,FALSE),"") | AD15: =IFERROR(VLOOKUP(Legend!$D13,Import!$A$2:$I$4000,4,FALSE),"") | AE15: =IFERROR(VLOOKUP(Legend!$D13,Import!$A$2:$I$4000,8,FALSE),"") | AF15: =IFERROR(VLOOKUP(Legend!$D13,Import!$A$2:$I$4000,9,FALSE),"") | AG15: =IFERROR(VLOOKUP(Legend!$D13,Import!$A$2:$I$4000,5,FALSE),"") | AH15: =IFERROR(VLOOKUP(Legend!$D13,Import!$A$2:$I$4000,6,FALSE),"") | AI15: =IFERROR(VLOOKUP(Legend!$A13,Import!$A$2:$I$4000,2,FALSE),"") | AJ15: =IFERROR(VLOOKUP(Legend!$A13,Import!$A$2:$I$4000,3,FALSE),"") | AK15: =IFERROR(VLOOKUP(Legend!$A13,Import!$A$2:$I$4000,7,FALSE),"") | AL15: =IFERROR(VLOOKUP(Legend!$A13,Import!$A$2:$I$4000,4,FALSE),"") | AM15: =IFERROR(VLOOKUP(Legend!$A13,Import!$A$2:$I$4000,8,FALSE),"") | AN15: =IFERROR(VLOOKUP(Legend!$A13,Import!$A$2:$I$4000,9,FALSE),"") | AO15: =IFERROR(VLOOKUP(Legend!$A13,Import!$A$2:$I$4000,5,FALSE),"") | AP15: =IFERROR(VLOOKUP(Legend!$A13,Import!$A$2:$I$4000,6,FALSE),"")
... A124: ZHEJIANG PROVINCE | B124: CHINA | K124: =IFERROR(VLOOKUP(Legend!$B122,Import!$A$2:$I$4000,2,FALSE),"") | L124: =IFERROR(VLOOKUP(Legend!$B122,Import!$A$2:$I$4000,3,FALSE),"") | M124: =IFERROR(VLOOKUP(Legend!$B122,Import!$A$2:$I$4000,7,FALSE),"") | N124: =IFERROR(VLOOKUP(Legend!$B122,Import!$A$2:$I$4000,4,FALSE),"") | O124: =IFERROR(VLOOKUP(Legend!$B122,Import!$A$2:$I$4000,8,FALSE),"") | P124: =IFERROR(VLOOKUP(Legend!$B122,Import!$A$2:$I$4000,9,FALSE),"") | Q124: =IFERROR(VLOOKUP(Legend!$B122,Import!$A$2:$I$4000,5,FALSE),"") | R124: =IFERROR(VLOOKUP(Legend!$B122,Import!$A$2:$I$4000,6,FALSE),"") | S124: =IFERROR(VLOOKUP(Legend!$C122,Import!$A$2:$I$4000,2,FALSE),"") | T124: =IFERROR(VLOOKUP(Legend!$C122,Import!$A$2:$I$4000,3,FALSE),"") | U124: =IFERROR(VLOOKUP(Legend!$C122,Import!$A$2:$I$4000,7,FALSE),"") | V124: =IFERROR(VLOOKUP(Legend!$C122,Import!$A$2:$I$4000,4,FALSE),"") | W124: =IFERROR(VLOOKUP(Legend!$C122,Import!$A$2:$I$4000,8,FALSE),"") | X124: =IFERROR(VLOOKUP(Legend!$C122,Import!$A$2:$I$4000,9,FALSE),"") | Y124: =IFERROR(VLOOKUP(Legend!$C122,Import!$A$2:$I$4000,5,FALSE),"") | Z124: =IFERROR(VLOOKUP(Legend!$C122,Import!$A$2:$I$4000,6,FALSE),"") | AA124: =IFERROR(VLOOKUP(Legend!$D122,Import!$A$2:$I$4000,2,FALSE),"") | AB124: =IFERROR(VLOOKUP(Legend!$D122,Import!$A$2:$I$4000,3,FALSE),"") | AC124: =IFERROR(VLOOKUP(Legend!$D122,Import!$A$2:$I$4000,7,FALSE),"") | AD124: =IFERROR(VLOOKUP(Legend!$D122,Import!$A$2:$I$4000,4,FALSE),"") | AE124: =IFERROR(VLOOKUP(Legend!$D122,Import!$A$2:$I$4000,8,FALSE),"") | AF124: =IFERROR(VLOOKUP(Legend!$D122,Import!$A$2:$I$4000,9,FALSE),"") | AG124: =IFERROR(VLOOKUP(Legend!$D122,Import!$A$2:$I$4000,5,FALSE),"") | AH124: =IFERROR(VLOOKUP(Legend!$D122,Import!$A$2:$I$4000,6,FALSE),"") | AI124: =IFERROR(VLOOKUP(Legend!$A122,Import!$A$2:$I$4000,2,FALSE),"") | AJ124: =IFERROR(VLOOKUP(Legend!$A122,Import!$A$2:$I$4000,3,FALSE),"") | AK124: =IFERROR(VLOOKUP(Legend!$A122,Import!$A$2:$I$4000,7,FALSE),"") | AL124: =IFERROR(VLOOKUP(Legend!$A122,Import!$A$2:$I$4000,4,FALSE),"") | AM124: =IFERROR(VLOOKUP(Legend!$A122,Import!$A$2:$I$4000,8,FALSE),"") | AN124: =IFERROR(VLOOKUP(Legend!$A122,Import!$A$2:$I$4000,9,FALSE),"") | AO124: =IFERROR(VLOOKUP(Legend!$A122,Import!$A$2:$I$4000,5,FALSE),"") | AP124: =IFERROR(VLOOKUP(Legend!$A122,Import!$A$2:$I$4000,6,FALSE),"")
A126: *Includes Economy and Midscale in Collapsed All

Sheet Tool
B1: Choose Geography: | D1: HOTEL SUSTAINABILITY BENCHMARKING TOOL 2015: ENERGY, WATER, CARBON (2013 Data Set)
B2: UNITED STATES | D2: 2013 CALENDAR YEAR BENCHMARKS
B3: Choose Segment: | D3: MEASURE | E3: Count | F3: Low | G3: Lower Quartile | H3: Mean | I3: Median | J3: Higher Quartile | K3: High | L3: SD
B4: All
B5: Country: | D5: MEASURE 1: HCMI Rooms Footprint Per Occupied Room (kgCO2e) | E5: =IF($B$4="Upper Midscale",VLOOKUP(Tool!$B$2,'M1'!$A$4:R$125,11,FALSE),IF($B$4="Upscale/Upper Upscale",VLOOKUP($B$2,'M1'!$A$4:Z$125,19,FALSE),IF($B$4="Luxury",VLOOKUP($B$2,'M1'!$A$4:$AH$125,27,FALSE),IF($B$4="All",VLOOKUP($B$2,'M1'!$A$4:$AP$125,35,FALSE),"Choose")))) -> 2109 | F5: =IF($B$4="Upper Midscale",VLOOKUP(Tool!$B$2,'M1'!$A$4:S$125,12,FALSE),IF($B$4="Upscale/Upper Upscale",VLOOKUP($B$2,'M1'!$A$4:AA$125,20,FALSE),IF($B$4="Luxury",VLOOKUP($B$2,'M1'!$A$4:$AH$125,28,FALSE),IF($B$4="All",VLOOKUP($B$2,'M1'!$A$4:$AP$125,36,FALSE),"Choose")))) -> 1.338267 | G5: =IF($B$4="Upper Midscale",VLOOKUP(Tool!$B$2,'M1'!$A$4:T$125,13,FALSE),IF($B$4="Upscale/Upper Upscale",VLOOKUP($B$2,'M1'!$A$4:AB$125,21,FALSE),IF($B$4="Luxury",VLOOKUP($B$2,'M1'!$A$4:$AH$125,29,FALSE),IF($B$4="All",VLOOKUP($B$2,'M1'!$A$4:$AP$125,37,FALSE),"Choose")))) -> 18.256159 | H5: =IF($B$4="Upper Midscale",VLOOKUP(Tool!$B$2,'M1'!$A$4:U$125,14,FALSE),IF($B$4="Upscale/Upper Upscale",VLOOKUP($B$2,'M1'!$A$4:AC$125,22,FALSE),IF($B$4="Luxury",VLOOKUP($B$2,'M1'!$A$4:$AH$125,30,FALSE),IF($B$4="All",VLOOKUP($B$2,'M1'!$A$4:$AP$125,38,FALSE),"Choose")))) -> 36.364688 | I5: =IF($B$4="Upper Midscale",VLOOKUP(Tool!$B$2,'M1'!$A$4:V$125,15,FALSE),IF($B$4="Upscale/Upper Upscale",VLOOKUP($B$2,'M1'!$A$4:AD$125,23,FALSE),IF($B$4="Luxury",VLOOKUP($B$2,'M1'!$A$4:$AH$125,31,FALSE),IF($B$4="All",VLOOKUP($B$2,'M1'!$A$4:$AP$125,39,FALSE),"Choose")))) -> 24.215695 | J5: =IF($B$4="Upper Midscale",VLOOKUP(Tool!$B$2,'M1'!$A$4:W$125,16,FALSE),IF($B$4="Upscale/Upper Upscale",VLOOKUP($B$2,'M1'!$A$4:AE$125,24,FALSE),IF($B$4="Luxury",VLOOKUP($B$2,'M1'!$A$4:$AH$125,32,FALSE),IF($B$4="All",VLOOKUP($B$2,'M1'!$A$4:$AP$125,40,FALSE),"Choose")))) -> 37.632097 | K5: =IF($B$4="Upper Midscale",VLOOKUP(Tool!$B$2,'M1'!$A$4:X$125,17,FALSE),IF($B$4="Upscale/Upper Upscale",VLOOKUP($B$2,'M1'!$A$4:AF$125,25,FALSE),IF($B$4="Luxury",VLOOKUP($B$2,'M1'!$A$4:$AH$125,33,FALSE),IF($B$4="All",VLOOKUP($B$2,'M1'!$A$4:$AP$125,41,FALSE),"Choose")))) -> 237.71626 | L5: =IF($B$4="Upper Midscale",VLOOKUP(Tool!$B$2,'M1'!$A$4:Y$125,18,FALSE),IF($B$4="Upscale/Upper Upscale",VLOOKUP($B$2,'M1'!$A$4:AG$125,26,FALSE),IF($B$4="Luxury",VLOOKUP($B$2,'M1'!$A$4:$AH$125,34,FALSE),IF($B$4="All",VLOOKUP($B$2,'M1'!$A$4:$AP$125,42,FALSE),"Choose")))) -> 34.575687
B6: =VLOOKUP(B2,Geographies!A2:B122,2,FALSE) -> USA | D6: MEASURE 2: Hotel Carbon Footprint Per Room (kgCO2e) | E6: =IF($B$4="Upper Midscale",VLOOKUP(Tool!$B$2,'M2'!$A$4:R$125,11,FALSE),IF($B$4="Upscale/Upper Upscale",VLOOKUP($B$2,'M2'!$A$4:Z$125,19,FALSE),IF($B$4="Luxury",VLOOKUP($B$2,'M2'!$A$4:$AH$125,27,FALSE),IF($B$4="All",VLOOKUP($B$2,'M2'!$A$4:$AP$125,35,FALSE),"Choose")))) -> 2299 | F6: =IF($B$4="Upper Midscale",VLOOKUP(Tool!$B$2,'M2'!$A$4:S$125,12,FALSE),IF($B$4="Upscale/Upper Upscale",VLOOKUP($B$2,'M2'!$A$4:AA$125,20,FALSE),IF($B$4="Luxury",VLOOKUP($B$2,'M2'!$A$4:$AH$125,28,FALSE),IF($B$4="All",VLOOKUP($B$2,'M2'!$A$4:$AP$125,36,FALSE),"Choose")))) -> 662.30627 | G6: =IF($B$4="Upper Midscale",VLOOKUP(Tool!$B$2,'M2'!$A$4:T$125,13,FALSE),IF($B$4="Upscale/Upper Upscale",VLOOKUP($B$2,'M2'!$A$4:AB$125,21,FALSE),IF($B$4="Luxury",VLOOKUP($B$2,'M2'!$A$4:$AH$125,29,FALSE),IF($B$4="All",VLOOKUP($B$2,'M2'!$A$4:$AP$125,37,FALSE),"Choose")))) -> 4785.3945 | H6: =IF($B$4="Upper Midscale",VLOOKUP(Tool!$B$2,'M2'!$A$4:U$125,14,FALSE),IF($B$4="Upscale/Upper Upscale",VLOOKUP($B$2,'M2'!$A$4:AC$125,22,FALSE),IF($B$4="Luxury",VLOOKUP($B$2,'M2'!$A$4:$AH$125,30,FALSE),IF($B$4="All",VLOOKUP($B$2,'M2'!$A$4:$AP$125,38,FALSE),"Choose")))) -> 7887.8914 | I6: =IF($B$4="Upper Midscale",VLOOKUP(Tool!$B$2,'M2'!$A$4:V$125,15,FALSE),IF($B$4="Upscale/Upper Upscale",VLOOKUP($B$2,'M2'!$A$4:AD$125,23,FALSE),IF($B$4="Luxury",VLOOKUP($B$2,'M2'!$A$4:$AH$125,31,FALSE),IF($B$4="All",VLOOKUP($B$2,'M2'!$A$4:$AP$125,39,FALSE),"Choose")))) -> 6377.9517 | J6: =IF($B$4="Upper Midscale",VLOOKUP(Tool!$B$2,'M2'!$A$4:W$125,16,FALSE),IF($B$4="Upscale/Upper Upscale",VLOOKUP($B$2,'M2'!$A$4:AE$125,24,FALSE),IF($B$4="Luxury",VLOOKUP($B$2,'M2'!$A$4:$AH$125,32,FALSE),IF($B$4="All",VLOOKUP($B$2,'M2'!$A$4:$AP$125,40,FALSE),"Choose")))) -> 9088.7666 | K6: =IF($B$4="Upper Midscale",VLOOKUP(Tool!$B$2,'M2'!$A$4:X$125,17,FALSE),IF($B$4="Upscale/Upper Upscale",VLOOKUP($B$2,'M2'!$A$4:AF$125,25,FALSE),IF($B$4="Luxury",VLOOKUP($B$2,'M2'!$A$4:$AH$125,33,FALSE),IF($B$4="All",VLOOKUP($B$2,'M2'!$A$4:$AP$125,41,FALSE),"Choose")))) -> 105021.98 | L6: =IF($B$4="Upper Midscale",VLOOKUP(Tool!$B$2,'M2'!$A$4:Y$125,18,FALSE),IF($B$4="Upscale/Upper Upscale",VLOOKUP($B$2,'M2'!$A$4:AG$125,26,FALSE),IF($B$4="Luxury",VLOOKUP($B$2,'M2'!$A$4:$AH$125,34,FALSE),IF($B$4="All",VLOOKUP($B$2,'M2'!$A$4:$AP$125,42,FALSE),"Choose")))) -> 5419.2467
B7: Type: | D7: MEASURE 3: Hotel Carbon Footprint Per Occupied Room (kgCO2e) | E7: =IF($B$4="Upper Midscale",VLOOKUP(Tool!$B$2,'M3'!$A$4:R$125,11,FALSE),IF($B$4="Upscale/Upper Upscale",VLOOKUP($B$2,'M3'!$A$4:Z$125,19,FALSE),IF($B$4="Luxury",VLOOKUP($B$2,'M3'!$A$4:$AH$125,27,FALSE),IF($B$4="All",VLOOKUP($B$2,'M3'!$A$4:$AP$125,35,FALSE),"Choose")))) -> 2404 | F7: =IF($B$4="Upper Midscale",VLOOKUP(Tool!$B$2,'M3'!$A$4:S$125,12,FALSE),IF($B$4="Upscale/Upper Upscale",VLOOKUP($B$2,'M3'!$A$4:AA$125,20,FALSE),IF($B$4="Luxury",VLOOKUP($B$2,'M3'!$A$4:$AH$125,28,FALSE),IF($B$4="All",VLOOKUP($B$2,'M3'!$A$4:$AP$125,36,FALSE),"Choose")))) -> 6.4883952 | G7: =IF($B$4="Upper Midscale",VLOOKUP(Tool!$B$2,'M3'!$A$4:T$125,13,FALSE),IF($B$4="Upscale/Upper Upscale",VLOOKUP($B$2,'M3'!$A$4:AB$125,21,FALSE),IF($B$4="Luxury",VLOOKUP($B$2,'M3'!$A$4:$AH$125,29,FALSE),IF($B$4="All",VLOOKUP($B$2,'M3'!$A$4:$AP$125,37,FALSE),"Choose")))) -> 18.823197 | H7: =IF($B$4="Upper Midscale",VLOOKUP(Tool!$B$2,'M3'!$A$4:U$125,14,FALSE),IF($B$4="Upscale/Upper Upscale",VLOOKUP($B$2,'M3'!$A$4:AC$125,22,FALSE),IF($B$4="Luxury",VLOOKUP($B$2,'M3'!$A$4:$AH$125,30,FALSE),IF($B$4="All",VLOOKUP($B$2,'M3'!$A$4:$AP$125,38,FALSE),"Choose")))) -> 38.265856 | I7: =IF($B$4="Upper Midscale",VLOOKUP(Tool!$B$2,'M3'!$A$4:V$125,15,FALSE),IF($B$4="Upscale/Upper Upscale",VLOOKUP($B$2,'M3'!$A$4:AD$125,23,FALSE),IF($B$4="Luxury",VLOOKUP($B$2,'M3'!$A$4:$AH$125,31,FALSE),IF($B$4="All",VLOOKUP($B$2,'M3'!$A$4:$AP$125,39,FALSE),"Choose")))) -> 25.286569 | J7: =IF($B$4="Upper Midscale",VLOOKUP(Tool!$B$2,'M3'!$A$4:W$125,16,FALSE),IF($B$4="Upscale/Upper Upscale",VLOOKUP($B$2,'M3'!$A$4:AE$125,24,FALSE),IF($B$4="Luxury",VLOOKUP($B$2,'M3'!$A$4:$AH$125,32,FALSE),IF($B$4="All",VLOOKUP($B$2,'M3'!$A$4:$AP$125,40,FALSE),"Choose")))) -> 42.458241 | K7: =IF($B$4="Upper Midscale",VLOOKUP(Tool!$B$2,'M3'!$A$4:X$125,17,FALSE),IF($B$4="Upscale/Upper Upscale",VLOOKUP($B$2,'M3'!$A$4:AF$125,25,FALSE),IF($B$4="Luxury",VLOOKUP($B$2,'M3'!$A$4:$AH$125,33,FALSE),IF($B$4="All",VLOOKUP($B$2,'M3'!$A$4:$AP$125,41,FALSE),"Choose")))) -> 241.40681 | L7: =IF($B$4="Upper Midscale",VLOOKUP(Tool!$B$2,'M3'!$A$4:Y$125,18,FALSE),IF($B$4="Upscale/Upper Upscale",VLOOKUP($B$2,'M3'!$A$4:AG$125,26,FALSE),IF($B$4="Luxury",VLOOKUP($B$2,'M3'!$A$4:$AH$125,34,FALSE),IF($B$4="All",VLOOKUP($B$2,'M3'!$A$4:$AP$125,42,FALSE),"Choose")))) -> 35.152491
B8: =VLOOKUP(B2,Geographies!$A$2:$C$122,3,FALSE) -> COUNTRY | D8: MEASURE 4: Hotel Carbon Footprint Per Square Meter (kgCO2e) | E8: =IF($B$4="Upper Midscale",VLOOKUP(Tool!$B$2,'M4'!$A$4:R$125,11,FALSE),IF($B$4="Upscale/Upper Upscale",VLOOKUP($B$2,'M4'!$A$4:Z$125,19,FALSE),IF($B$4="Luxury",VLOOKUP($B$2,'M4'!$A$4:$AH$125,27,FALSE),IF($B$4="All",VLOOKUP($B$2,'M4'!$A$4:$AP$125,35,FALSE),"Choose")))) -> 2309 | F8: =IF($B$4="Upper Midscale",VLOOKUP(Tool!$B$2,'M4'!$A$4:S$125,12,FALSE),IF($B$4="Upscale/Upper Upscale",VLOOKUP($B$2,'M4'!$A$4:AA$125,20,FALSE),IF($B$4="Luxury",VLOOKUP($B$2,'M4'!$A$4:$AH$125,28,FALSE),IF($B$4="All",VLOOKUP($B$2,'M4'!$A$4:$AP$125,36,FALSE),"Choose")))) -> 25.328175 | G8: =IF($B$4="Upper Midscale",VLOOKUP(Tool!$B$2,'M4'!$A$4:T$125,13,FALSE),IF($B$4="Upscale/Upper Upscale",VLOOKUP($B$2,'M4'!$A$4:AB$125,21,FALSE),IF($B$4="Luxury",VLOOKUP($B$2,'M4'!$A$4:$AH$125,29,FALSE),IF($B$4="All",VLOOKUP($B$2,'M4'!$A$4:$AP$125,37,FALSE),"Choose")))) -> 82.192669 | H8: =IF($B$4="Upper Midscale",VLOOKUP(Tool!$B$2,'M4'!$A$4:U$125,14,FALSE),IF($B$4="Upscale/Upper Upscale",VLOOKUP($B$2,'M4'!$A$4:AC$125,22,FALSE),IF($B$4="Luxury",VLOOKUP($B$2,'M4'!$A$4:$AH$125,30,FALSE),IF($B$4="All",VLOOKUP($B$2,'M4'!$A$4:$AP$125,38,FALSE),"Choose")))) -> 118.62597 | I8: =IF($B$4="Upper Midscale",VLOOKUP(Tool!$B$2,'M4'!$A$4:V$125,15,FALSE),IF($B$4="Upscale/Upper Upscale",VLOOKUP($B$2,'M4'!$A$4:AD$125,23,FALSE),IF($B$4="Luxury",VLOOKUP($B$2,'M4'!$A$4:$AH$125,31,FALSE),IF($B$4="All",VLOOKUP($B$2,'M4'!$A$4:$AP$125,39,FALSE),"Choose")))) -> 109.60432 | J8: =IF($B$4="Upper Midscale",VLOOKUP(Tool!$B$2,'M4'!$A$4:W$125,16,FALSE),IF($B$4="Upscale/Upper Upscale",VLOOKUP($B$2,'M4'!$A$4:AE$125,24,FALSE),IF($B$4="Luxury",VLOOKUP($B$2,'M4'!$A$4:$AH$125,32,FALSE),IF($B$4="All",VLOOKUP($B$2,'M4'!$A$4:$AP$125,40,FALSE),"Choose")))) -> 141.44128 | K8: =IF($B$4="Upper Midscale",VLOOKUP(Tool!$B$2,'M4'!$A$4:X$125,17,FALSE),IF($B$4="Upscale/Upper Upscale",VLOOKUP($B$2,'M4'!$A$4:AF$125,25,FALSE),IF($B$4="Luxury",VLOOKUP($B$2,'M4'!$A$4:$AH$125,33,FALSE),IF($B$4="All",VLOOKUP($B$2,'M4'!$A$4:$AP$125,41,FALSE),"Choose")))) -> 546.92566 | L8: =IF($B$4="Upper Midscale",VLOOKUP(Tool!$B$2,'M4'!$A$4:Y$125,18,FALSE),IF($B$4="Upscale/Upper Upscale",VLOOKUP($B$2,'M4'!$A$4:AG$125,26,FALSE),IF($B$4="Luxury",VLOOKUP($B$2,'M4'!$A$4:$AH$125,34,FALSE),IF($B$4="All",VLOOKUP($B$2,'M4'!$A$4:$AP$125,42,FALSE),"Choose")))) -> 55.199482
D9: MEASURE 4a: Hotel Carbon Footprint Per Square Foot (kgCO2e) | E9: =IF($B$4="Upper Midscale",VLOOKUP(Tool!$B$2,M4a!$A$4:R$125,11,FALSE),IF($B$4="Upscale/Upper Upscale",VLOOKUP($B$2,M4a!$A$4:Z$125,19,FALSE),IF($B$4="Luxury",VLOOKUP($B$2,M4a!$A$4:$AH$125,27,FALSE),IF($B$4="All",VLOOKUP($B$2,M4a!$A$4:$AP$125,35,FALSE),"Choose")))) -> 2309 | F9: =IF($B$4="Upper Midscale",VLOOKUP(Tool!$B$2,M4a!$A$4:S$125,12,FALSE),IF($B$4="Upscale/Upper Upscale",VLOOKUP($B$2,M4a!$A$4:AA$125,20,FALSE),IF($B$4="Luxury",VLOOKUP($B$2,M4a!$A$4:$AH$125,28,FALSE),IF($B$4="All",VLOOKUP($B$2,M4a!$A$4:$AP$125,36,FALSE),"Choose")))) -> 2.3530667 | G9: =IF($B$4="Upper Midscale",VLOOKUP(Tool!$B$2,M4a!$A$4:T$125,13,FALSE),IF($B$4="Upscale/Upper Upscale",VLOOKUP($B$2,M4a!$A$4:AB$125,21,FALSE),IF($B$4="Luxury",VLOOKUP($B$2,M4a!$A$4:$AH$125,29,FALSE),IF($B$4="All",VLOOKUP($B$2,M4a!$A$4:$AP$125,37,FALSE),"Choose")))) -> 7.6359562 | H9: =IF($B$4="Upper Midscale",VLOOKUP(Tool!$B$2,M4a!$A$4:U$125,14,FALSE),IF($B$4="Upscale/Upper Upscale",VLOOKUP($B$2,M4a!$A$4:AC$125,22,FALSE),IF($B$4="Luxury",VLOOKUP($B$2,M4a!$A$4:$AH$125,30,FALSE),IF($B$4="All",VLOOKUP($B$2,M4a!$A$4:$AP$125,38,FALSE),"Choose")))) -> 11.020724 | I9: =IF($B$4="Upper Midscale",VLOOKUP(Tool!$B$2,M4a!$A$4:V$125,15,FALSE),IF($B$4="Upscale/Upper Upscale",VLOOKUP($B$2,M4a!$A$4:AD$125,23,FALSE),IF($B$4="Luxury",VLOOKUP($B$2,M4a!$A$4:$AH$125,31,FALSE),IF($B$4="All",VLOOKUP($B$2,M4a!$A$4:$AP$125,39,FALSE),"Choose")))) -> 10.182585 | J9: =IF($B$4="Upper Midscale",VLOOKUP(Tool!$B$2,M4a!$A$4:W$125,16,FALSE),IF($B$4="Upscale/Upper Upscale",VLOOKUP($B$2,M4a!$A$4:AE$125,24,FALSE),IF($B$4="Luxury",VLOOKUP($B$2,M4a!$A$4:$AH$125,32,FALSE),IF($B$4="All",VLOOKUP($B$2,M4a!$A$4:$AP$125,40,FALSE),"Choose")))) -> 13.140338 | K9: =IF($B$4="Upper Midscale",VLOOKUP(Tool!$B$2,M4a!$A$4:X$125,17,FALSE),IF($B$4="Upscale/Upper Upscale",VLOOKUP($B$2,M4a!$A$4:AF$125,25,FALSE),IF($B$4="Luxury",VLOOKUP($B$2,M4a!$A$4:$AH$125,33,FALSE),IF($B$4="All",VLOOKUP($B$2,M4a!$A$4:$AP$125,41,FALSE),"Choose")))) -> 50.811106 | L9: =IF($B$4="Upper Midscale",VLOOKUP(Tool!$B$2,M4a!$A$4:Y$125,18,FALSE),IF($B$4="Upscale/Upper Upscale",VLOOKUP($B$2,M4a!$A$4:AG$125,26,FALSE),IF($B$4="Luxury",VLOOKUP($B$2,M4a!$A$4:$AH$125,34,FALSE),IF($B$4="All",VLOOKUP($B$2,M4a!$A$4:$AP$125,42,FALSE),"Choose")))) -> 55.199482
D10: MEASURE 5: Hotel Energy Usage Per Occupied Room (kWh) | E10: =IF($B$4="Upper Midscale",VLOOKUP(Tool!$B$2,'M5'!$A$4:R$125,11,FALSE),IF($B$4="Upscale/Upper Upscale",VLOOKUP($B$2,'M5'!$A$4:Z$125,19,FALSE),IF($B$4="Luxury",VLOOKUP($B$2,'M5'!$A$4:$AH$125,27,FALSE),IF($B$4="All",VLOOKUP($B$2,'M5'!$A$4:$AP$125,35,FALSE),"Choose")))) -> 2404 | F10: =IF($B$4="Upper Midscale",VLOOKUP(Tool!$B$2,'M5'!$A$4:S$125,12,FALSE),IF($B$4="Upscale/Upper Upscale",VLOOKUP($B$2,'M5'!$A$4:AA$125,20,FALSE),IF($B$4="Luxury",VLOOKUP($B$2,'M5'!$A$4:$AH$125,28,FALSE),IF($B$4="All",VLOOKUP($B$2,'M5'!$A$4:$AP$125,36,FALSE),"Choose")))) -> 25.435644 | G10: =IF($B$4="Upper Midscale",VLOOKUP(Tool!$B$2,'M5'!$A$4:T$125,13,FALSE),IF($B$4="Upscale/Upper Upscale",VLOOKUP($B$2,'M5'!$A$4:AB$125,21,FALSE),IF($B$4="Luxury",VLOOKUP($B$2,'M5'!$A$4:$AH$125,29,FALSE),IF($B$4="All",VLOOKUP($B$2,'M5'!$A$4:$AP$125,37,FALSE),"Choose")))) -> 48.470979 | H10: =IF($B$4="Upper Midscale",VLOOKUP(Tool!$B$2,'M5'!$A$4:U$125,14,FALSE),IF($B$4="Upscale/Upper Upscale",VLOOKUP($B$2,'M5'!$A$4:AC$125,22,FALSE),IF($B$4="Luxury",VLOOKUP($B$2,'M5'!$A$4:$AH$125,30,FALSE),IF($B$4="All",VLOOKUP($B$2,'M5'!$A$4:$AP$125,38,FALSE),"Choose")))) -> 126.524 | I10: =IF($B$4="Upper Midscale",VLOOKUP(Tool!$B$2,'M5'!$A$4:V$125,15,FALSE),IF($B$4="Upscale/Upper Upscale",VLOOKUP($B$2,'M5'!$A$4:AD$125,23,FALSE),IF($B$4="Luxury",VLOOKUP($B$2,'M5'!$A$4:$AH$125,31,FALSE),IF($B$4="All",VLOOKUP($B$2,'M5'!$A$4:$AP$125,39,FALSE),"Choose")))) -> 63.26265 | J10: =IF($B$4="Upper Midscale",VLOOKUP(Tool!$B$2,'M5'!$A$4:W$125,16,FALSE),IF($B$4="Upscale/Upper Upscale",VLOOKUP($B$2,'M5'!$A$4:AE$125,24,FALSE),IF($B$4="Luxury",VLOOKUP($B$2,'M5'!$A$4:$AH$125,32,FALSE),IF($B$4="All",VLOOKUP($B$2,'M5'!$A$4:$AP$125,40,FALSE),"Choose")))) -> 107.33214 | K10: =IF($B$4="Upper Midscale",VLOOKUP(Tool!$B$2,'M5'!$A$4:X$125,17,FALSE),IF($B$4="Upscale/Upper Upscale",VLOOKUP($B$2,'M5'!$A$4:AF$125,25,FALSE),IF($B$4="Luxury",VLOOKUP($B$2,'M5'!$A$4:$AH$125,33,FALSE),IF($B$4="All",VLOOKUP($B$2,'M5'!$A$4:$AP$125,41,FALSE),"Choose")))) -> 1221.502 | L10: =IF($B$4="Upper Midscale",VLOOKUP(Tool!$B$2,'M5'!$A$4:Y$125,18,FALSE),IF($B$4="Upscale/Upper Upscale",VLOOKUP($B$2,'M5'!$A$4:AG$125,26,FALSE),IF($B$4="Luxury",VLOOKUP($B$2,'M5'!$A$4:$AH$125,34,FALSE),IF($B$4="All",VLOOKUP($B$2,'M5'!$A$4:$AP$125,42,FALSE),"Choose")))) -> 176.49401
D11: MEASURE 6: Hotel Energy Usage Per Square Meter (kWh) | E11: =IF($B$4="Upper Midscale",VLOOKUP(Tool!$B$2,'M6'!$A$4:R$125,11,FALSE),IF($B$4="Upscale/Upper Upscale",VLOOKUP($B$2,'M6'!$A$4:Z$125,19,FALSE),IF($B$4="Luxury",VLOOKUP($B$2,'M6'!$A$4:$AH$125,27,FALSE),IF($B$4="All",VLOOKUP($B$2,'M6'!$A$4:$AP$125,35,FALSE),"Choose")))) -> 2309 | F11: =IF($B$4="Upper Midscale",VLOOKUP(Tool!$B$2,'M6'!$A$4:S$125,12,FALSE),IF($B$4="Upscale/Upper Upscale",VLOOKUP($B$2,'M6'!$A$4:AA$125,20,FALSE),IF($B$4="Luxury",VLOOKUP($B$2,'M6'!$A$4:$AH$125,28,FALSE),IF($B$4="All",VLOOKUP($B$2,'M6'!$A$4:$AP$125,36,FALSE),"Choose")))) -> 85.601479 | G11: =IF($B$4="Upper Midscale",VLOOKUP(Tool!$B$2,'M6'!$A$4:T$125,13,FALSE),IF($B$4="Upscale/Upper Upscale",VLOOKUP($B$2,'M6'!$A$4:AB$125,21,FALSE),IF($B$4="Luxury",VLOOKUP($B$2,'M6'!$A$4:$AH$125,29,FALSE),IF($B$4="All",VLOOKUP($B$2,'M6'!$A$4:$AP$125,37,FALSE),"Choose")))) -> 224.16158 | H11: =IF($B$4="Upper Midscale",VLOOKUP(Tool!$B$2,'M6'!$A$4:U$125,14,FALSE),IF($B$4="Upscale/Upper Upscale",VLOOKUP($B$2,'M6'!$A$4:AC$125,22,FALSE),IF($B$4="Luxury",VLOOKUP($B$2,'M6'!$A$4:$AH$125,30,FALSE),IF($B$4="All",VLOOKUP($B$2,'M6'!$A$4:$AP$125,38,FALSE),"Choose")))) -> 309.35714 | I11: =IF($B$4="Upper Midscale",VLOOKUP(Tool!$B$2,'M6'!$A$4:V$125,15,FALSE),IF($B$4="Upscale/Upper Upscale",VLOOKUP($B$2,'M6'!$A$4:AD$125,23,FALSE),IF($B$4="Luxury",VLOOKUP($B$2,'M6'!$A$4:$AH$125,31,FALSE),IF($B$4="All",VLOOKUP($B$2,'M6'!$A$4:$AP$125,39,FALSE),"Choose")))) -> 268.49527 | J11: =IF($B$4="Upper Midscale",VLOOKUP(Tool!$B$2,'M6'!$A$4:W$125,16,FALSE),IF($B$4="Upscale/Upper Upscale",VLOOKUP($B$2,'M6'!$A$4:AE$125,24,FALSE),IF($B$4="Luxury",VLOOKUP($B$2,'M6'!$A$4:$AH$125,32,FALSE),IF($B$4="All",VLOOKUP($B$2,'M6'!$A$4:$AP$125,40,FALSE),"Choose")))) -> 348.592 | K11: =IF($B$4="Upper Midscale",VLOOKUP(Tool!$B$2,'M6'!$A$4:X$125,17,FALSE),IF($B$4="Upscale/Upper Upscale",VLOOKUP($B$2,'M6'!$A$4:AF$125,25,FALSE),IF($B$4="Luxury",VLOOKUP($B$2,'M6'!$A$4:$AH$125,33,FALSE),IF($B$4="All",VLOOKUP($B$2,'M6'!$A$4:$AP$125,41,FALSE),"Choose")))) -> 1493.6742 | L11: =IF($B$4="Upper Midscale",VLOOKUP(Tool!$B$2,'M6'!$A$4:Y$125,18,FALSE),IF($B$4="Upscale/Upper Upscale",VLOOKUP($B$2,'M6'!$A$4:AG$125,26,FALSE),IF($B$4="Luxury",VLOOKUP($B$2,'M6'!$A$4:$AH$125,34,FALSE),IF($B$4="All",VLOOKUP($B$2,'M6'!$A$4:$AP$125,42,FALSE),"Choose")))) -> 152.4563
D12: MEASURE 6a: Hotel Energy Usage Per Square Foot (kWh) | E12: =IF($B$4="Upper Midscale",VLOOKUP(Tool!$B$2,M6a!$A$4:R$125,11,FALSE),IF($B$4="Upscale/Upper Upscale",VLOOKUP($B$2,M6a!$A$4:Z$125,19,FALSE),IF($B$4="Luxury",VLOOKUP($B$2,M6a!$A$4:$AH$125,27,FALSE),IF($B$4="All",VLOOKUP($B$2,M6a!$A$4:$AP$125,35,FALSE),"Choose")))) -> 2309 | F12: =IF($B$4="Upper Midscale",VLOOKUP(Tool!$B$2,M6a!$A$4:S$125,12,FALSE),IF($B$4="Upscale/Upper Upscale",VLOOKUP($B$2,M6a!$A$4:AA$125,20,FALSE),IF($B$4="Luxury",VLOOKUP($B$2,M6a!$A$4:$AH$125,28,FALSE),IF($B$4="All",VLOOKUP($B$2,M6a!$A$4:$AP$125,36,FALSE),"Choose")))) -> 7.9526453 | G12: =IF($B$4="Upper Midscale",VLOOKUP(Tool!$B$2,M6a!$A$4:T$125,13,FALSE),IF($B$4="Upscale/Upper Upscale",VLOOKUP($B$2,M6a!$A$4:AB$125,21,FALSE),IF($B$4="Luxury",VLOOKUP($B$2,M6a!$A$4:$AH$125,29,FALSE),IF($B$4="All",VLOOKUP($B$2,M6a!$A$4:$AP$125,37,FALSE),"Choose")))) -> 20.825313 | H12: =IF($B$4="Upper Midscale",VLOOKUP(Tool!$B$2,M6a!$A$4:U$125,14,FALSE),IF($B$4="Upscale/Upper Upscale",VLOOKUP($B$2,M6a!$A$4:AC$125,22,FALSE),IF($B$4="Luxury",VLOOKUP($B$2,M6a!$A$4:$AH$125,30,FALSE),IF($B$4="All",VLOOKUP($B$2,M6a!$A$4:$AP$125,38,FALSE),"Choose")))) -> 28.740246 | I12: =IF($B$4="Upper Midscale",VLOOKUP(Tool!$B$2,M6a!$A$4:V$125,15,FALSE),IF($B$4="Upscale/Upper Upscale",VLOOKUP($B$2,M6a!$A$4:AD$125,23,FALSE),IF($B$4="Luxury",VLOOKUP($B$2,M6a!$A$4:$AH$125,31,FALSE),IF($B$4="All",VLOOKUP($B$2,M6a!$A$4:$AP$125,39,FALSE),"Choose")))) -> 24.944051 | J12: =IF($B$4="Upper Midscale",VLOOKUP(Tool!$B$2,M6a!$A$4:W$125,16,FALSE),IF($B$4="Upscale/Upper Upscale",VLOOKUP($B$2,M6a!$A$4:AE$125,24,FALSE),IF($B$4="Luxury",VLOOKUP($B$2,M6a!$A$4:$AH$125,32,FALSE),IF($B$4="All",VLOOKUP($B$2,M6a!$A$4:$AP$125,40,FALSE),"Choose")))) -> 32.385287 | K12: =IF($B$4="Upper Midscale",VLOOKUP(Tool!$B$2,M6a!$A$4:X$125,17,FALSE),IF($B$4="Upscale/Upper Upscale",VLOOKUP($B$2,M6a!$A$4:AF$125,25,FALSE),IF($B$4="Luxury",VLOOKUP($B$2,M6a!$A$4:$AH$125,33,FALSE),IF($B$4="All",VLOOKUP($B$2,M6a!$A$4:$AP$125,41,FALSE),"Choose")))) -> 138.76701 | L12: =IF($B$4="Upper Midscale",VLOOKUP(Tool!$B$2,M6a!$A$4:Y$125,18,FALSE),IF($B$4="Upscale/Upper Upscale",VLOOKUP($B$2,M6a!$A$4:AG$125,26,FALSE),IF($B$4="Luxury",VLOOKUP($B$2,M6a!$A$4:$AH$125,34,FALSE),IF($B$4="All",VLOOKUP($B$2,M6a!$A$4:$AP$125,42,FALSE),"Choose")))) -> 152.4563
D13: MEASURE 7: HCMI Meetings Footprint Per SQM-HR (kgCO2e) | E13: =IF($B$4="Upper Midscale",VLOOKUP(Tool!$B$2,'M7'!$A$4:R$125,11,FALSE),IF($B$4="Upscale/Upper Upscale",VLOOKUP($B$2,'M7'!$A$4:Z$125,19,FALSE),IF($B$4="Luxury",VLOOKUP($B$2,'M7'!$A$4:$AH$125,27,FALSE),IF($B$4="All",VLOOKUP($B$2,'M7'!$A$4:$AP$125,35,FALSE),"Choose")))) -> 1614 | F13: =IF($B$4="Upper Midscale",VLOOKUP(Tool!$B$2,'M7'!$A$4:S$125,12,FALSE),IF($B$4="Upscale/Upper Upscale",VLOOKUP($B$2,'M7'!$A$4:AA$125,20,FALSE),IF($B$4="Luxury",VLOOKUP($B$2,'M7'!$A$4:$AH$125,28,FALSE),IF($B$4="All",VLOOKUP($B$2,'M7'!$A$4:$AP$125,36,FALSE),"Choose")))) -> 0.0090872751 | G13: =IF($B$4="Upper Midscale",VLOOKUP(Tool!$B$2,'M7'!$A$4:T$125,13,FALSE),IF($B$4="Upscale/Upper Upscale",VLOOKUP($B$2,'M7'!$A$4:AB$125,21,FALSE),IF($B$4="Luxury",VLOOKUP($B$2,'M7'!$A$4:$AH$125,29,FALSE),IF($B$4="All",VLOOKUP($B$2,'M7'!$A$4:$AP$125,37,FALSE),"Choose")))) -> 0.023342696 | H13: =IF($B$4="Upper Midscale",VLOOKUP(Tool!$B$2,'M7'!$A$4:U$125,14,FALSE),IF($B$4="Upscale/Upper Upscale",VLOOKUP($B$2,'M7'!$A$4:AC$125,22,FALSE),IF($B$4="Luxury",VLOOKUP($B$2,'M7'!$A$4:$AH$125,30,FALSE),IF($B$4="All",VLOOKUP($B$2,'M7'!$A$4:$AP$125,38,FALSE),"Choose")))) -> 0.033656191 | I13: =IF($B$4="Upper Midscale",VLOOKUP(Tool!$B$2,'M7'!$A$4:V$125,15,FALSE),IF($B$4="Upscale/Upper Upscale",VLOOKUP($B$2,'M7'!$A$4:AD$125,23,FALSE),IF($B$4="Luxury",VLOOKUP($B$2,'M7'!$A$4:$AH$125,31,FALSE),IF($B$4="All",VLOOKUP($B$2,'M7'!$A$4:$AP$125,39,FALSE),"Choose")))) -> 0.031212459 | J13: =IF($B$4="Upper Midscale",VLOOKUP(Tool!$B$2,'M7'!$A$4:W$125,16,FALSE),IF($B$4="Upscale/Upper Upscale",VLOOKUP($B$2,'M7'!$A$4:AE$125,24,FALSE),IF($B$4="Luxury",VLOOKUP($B$2,'M7'!$A$4:$AH$125,32,FALSE),IF($B$4="All",VLOOKUP($B$2,'M7'!$A$4:$AP$125,40,FALSE),"Choose")))) -> 0.040264934 | K13: =IF($B$4="Upper Midscale",VLOOKUP(Tool!$B$2,'M7'!$A$4:X$125,17,FALSE),IF($B$4="Upscale/Upper Upscale",VLOOKUP($B$2,'M7'!$A$4:AF$125,25,FALSE),IF($B$4="Luxury",VLOOKUP($B$2,'M7'!$A$4:$AH$125,33,FALSE),IF($B$4="All",VLOOKUP($B$2,'M7'!$A$4:$AP$125,41,FALSE),"Choose")))) -> 0.1495356 | L13: =IF($B$4="Upper Midscale",VLOOKUP(Tool!$B$2,'M7'!$A$4:Y$125,18,FALSE),IF($B$4="Upscale/Upper Upscale",VLOOKUP($B$2,'M7'!$A$4:AG$125,26,FALSE),IF($B$4="Luxury",VLOOKUP($B$2,'M7'!$A$4:$AH$125,34,FALSE),IF($B$4="All",VLOOKUP($B$2,'M7'!$A$4:$AP$125,42,FALSE),"Choose")))) -> 0.015035189
